"ID","Gender","Group","Revenue","Coupon.Hunter","Fast.and.Filling","Party.Snacker","Gourmet.Focus","All.Organic","Vegetarian","Brand.Buyer"
"Customer1","Male","Vegetarian",1517.51,1,0,0,0,0,1,0
"Customer2","Female","Brand.Buyer",1090.76,0,1,0,0,0,0,1
"Customer4","Female","Brand.Buyer",548.66,0,0,0,0,0,0,1
"Customer5","Male","All.Organic",3155.79,1,1,1,0,1,0,0
"Customer6","Female","Coupon.Hunter",634.53,1,0,0,0,0,0,0
"Customer7","Male","Fast.and.Filling",3441.07,0,1,1,0,0,1,0
"Customer9","Female","Coupon.Hunter",872.08,1,0,0,0,0,0,0
"Customer10","Female","Coupon.Hunter",353.85,1,0,1,0,0,0,0
"Customer11","Male","Coupon.Hunter",1046.2,1,0,0,0,0,0,0
"Customer12","Female","All.Organic",2625.78,0,0,0,0,1,0,0
"Customer13","Male","All.Organic",1036.86,1,0,0,0,1,0,0
"Customer14","Male","Fast.and.Filling",2140.85,1,1,0,0,0,0,0
"Customer15","Male","Fast.and.Filling",2625.68,1,1,0,0,0,0,0
"Customer17","Male","Gourmet.Focus",2457.13,0,0,0,1,0,0,0
"Customer18","Male","Vegetarian",1471.75,0,0,1,0,0,1,1
"Customer20","Male","Party.Snacker",649.02,0,0,1,0,0,0,0
"Customer21","Female","Coupon.Hunter",815.42,1,0,0,0,0,0,0
"Customer22","Male","All.Organic",3561.44,1,0,1,0,1,0,1
"Customer23","Female","Vegetarian",954.23,0,0,0,0,0,1,0
"Customer24","Female","Brand.Buyer",1662.5,0,1,1,0,0,0,1
"Customer25","Female","Fast.and.Filling",869.62,0,1,0,0,0,0,0
"Customer26","Female","All.Organic",1465.72,1,0,0,0,1,0,0
"Customer27","Male","Coupon.Hunter",1301.23,1,0,0,0,0,0,0
"Customer28","Female","All.Organic",1273.99,0,0,0,0,1,0,0
"Customer30","Male","Brand.Buyer",400,0,0,0,0,0,0,1
"Customer31","Female","Coupon.Hunter",1291.81,1,0,1,0,0,0,0
"Customer32","Male","Brand.Buyer",1545.77,1,0,0,0,0,0,1
"Customer33","Male","Brand.Buyer",2423.63,0,0,1,0,0,0,1
"Customer35","Male","Gourmet.Focus",2096.38,1,0,0,1,0,0,0
"Customer36","Male","Party.Snacker",727.41,0,0,1,0,0,0,0
"Customer37","Male","Party.Snacker",499.36,0,0,1,0,0,0,0
"Customer38","Male","All.Organic",2851.36,0,0,1,0,1,0,0
"Customer39","Male","Gourmet.Focus",3397.27,0,0,0,1,0,1,0
"Customer40","Male","Gourmet.Focus",3541.31,0,1,0,1,0,0,1
"Customer41","Male","Fast.and.Filling",1434.45,1,1,0,0,0,0,0
"Customer42","Female","Fast.and.Filling",701.14,0,1,0,0,0,0,0
"Customer43","Male","All.Organic",3375.15,1,0,0,0,1,0,1
"Customer44","Female","All.Organic",2784.12,1,0,0,0,1,0,0
"Customer45","Male","Fast.and.Filling",2556.31,1,1,0,0,0,0,1
"Customer47","Male","Party.Snacker",391.9,0,0,1,0,0,0,0
"Customer48","Male","All.Organic",2001.24,0,1,0,0,1,0,0
"Customer50","Male","All.Organic",4700.01,1,0,1,0,1,1,1
"Customer51","Male","Coupon.Hunter",744.94,1,0,0,0,0,0,0
"Customer52","Male","Coupon.Hunter",656.34,1,0,0,0,0,0,0
"Customer53","Male","Party.Snacker",686.11,0,0,1,0,0,0,0
"Customer54","Male","Fast.and.Filling",2116.99,1,1,0,0,0,0,0
"Customer56","Female","All.Organic",2215.95,0,0,0,0,1,0,0
"Customer57","Male","Coupon.Hunter",1339.12,1,0,1,0,0,0,0
"Customer58","Female","Brand.Buyer",1763.81,1,0,0,0,0,0,1
"Customer59","Female","All.Organic",3196.58,1,0,1,0,1,0,0
"Customer60","Male","All.Organic",3492.06,0,0,0,0,1,1,0
"Customer62","Female","All.Organic",2361.42,0,0,0,0,1,0,0
"Customer63","Male","Coupon.Hunter",748.38,1,0,1,0,0,0,0
"Customer64","Male","Party.Snacker",601.34,0,0,1,0,0,0,0
"Customer65","Male","Coupon.Hunter",1007.98,1,0,0,0,0,0,0
"Customer66","Male","All.Organic",1858.81,0,0,0,0,1,0,0
"Customer67","Female","Party.Snacker",1173.84,0,0,1,0,0,0,0
"Customer68","Female","Brand.Buyer",3984,0,1,1,1,0,0,1
"Customer69","Female","Vegetarian",2382.33,0,0,0,0,1,1,0
"Customer70","Male","Gourmet.Focus",4546.84,0,1,1,1,0,0,1
"Customer71","Female","Brand.Buyer",1536.01,0,0,1,0,0,0,1
"Customer72","Male","Party.Snacker",964.86,0,0,1,0,0,0,0
"Customer74","Male","Party.Snacker",2352.01,1,0,1,0,0,0,0
"Customer75","Female","All.Organic",1414,1,0,0,0,1,0,0
"Customer76","Female","Party.Snacker",1115.38,0,0,1,0,0,0,0
"Customer77","Female","All.Organic",1974.49,0,0,0,0,1,1,0
"Customer78","Female","Gourmet.Focus",2760.94,0,0,1,1,0,0,0
"Customer79","Male","Coupon.Hunter",218.23,1,0,0,0,0,0,0
"Customer80","Female","Brand.Buyer",3168.6,0,1,0,1,0,1,1
"Customer81","Male","Brand.Buyer",1692.69,1,0,0,0,0,0,1
"Customer82","Female","Coupon.Hunter",810.52,1,0,0,0,0,0,0
"Customer83","Female","Fast.and.Filling",2840.31,0,1,0,0,1,1,0
"Customer84","Male","Brand.Buyer",400,0,0,0,0,0,0,1
"Customer85","Male","All.Organic",5858.65,1,1,0,1,1,0,0
"Customer86","Female","Party.Snacker",1510.19,1,0,1,0,0,0,0
"Customer87","Female","Vegetarian",1471.51,1,0,0,0,0,1,0
"Customer88","Female","Coupon.Hunter",900,1,0,0,0,0,0,0
"Customer89","Male","Coupon.Hunter",862.36,1,0,0,0,0,0,0
"Customer90","Male","Fast.and.Filling",2195.28,0,1,0,0,0,0,1
"Customer91","Male","Party.Snacker",688.08,0,0,1,0,0,0,0
"Customer92","Female","Party.Snacker",888.16,0,0,1,0,0,0,0
"Customer93","Female","Coupon.Hunter",1460.91,1,0,1,0,0,0,0
"Customer94","Male","Brand.Buyer",1373.11,0,0,0,0,0,0,1
"Customer95","Female","All.Organic",3183.86,1,1,0,0,1,0,0
"Customer96","Male","All.Organic",2493.23,0,0,0,0,1,0,0
"Customer97","Female","All.Organic",1591.14,0,0,0,0,1,0,0
"Customer98","Male","Coupon.Hunter",110,1,0,0,0,0,0,0
"Customer99","Female","Fast.and.Filling",1083.01,0,1,0,0,0,0,0
"Customer100","Female","All.Organic",2838.5,0,0,0,0,1,0,1
"Customer101","Male","Party.Snacker",1209.97,0,0,1,0,0,0,0
"Customer102","Male","Fast.and.Filling",905.89,0,1,0,0,0,0,0
"Customer103","Male","Vegetarian",1636.68,1,0,0,0,0,1,0
"Customer105","Male","Party.Snacker",1461.22,0,1,1,0,0,0,0
"Customer107","Female","Party.Snacker",959.77,0,0,1,0,0,0,0
"Customer108","Female","Brand.Buyer",2257.81,1,0,0,0,0,0,1
"Customer109","Female","Fast.and.Filling",1558.85,0,1,0,0,0,0,0
"Customer110","Female","Brand.Buyer",1093.66,1,0,0,0,0,0,1
"Customer111","Female","Vegetarian",3415.72,1,1,1,0,0,1,1
"Customer112","Male","Coupon.Hunter",1059.06,1,0,0,0,0,0,0
"Customer113","Female","Coupon.Hunter",1475.78,1,0,0,0,0,0,1
"Customer114","Male","All.Organic",4294.93,0,1,1,0,1,0,0
"Customer115","Female","All.Organic",2360.68,1,0,0,0,1,0,0
"Customer116","Female","Brand.Buyer",1536.3,1,0,0,0,0,0,1
"Customer117","Female","Brand.Buyer",588.87,0,0,0,0,0,0,1
"Customer118","Male","Coupon.Hunter",945.37,1,0,1,0,0,0,0
"Customer119","Male","Vegetarian",1170.16,0,0,0,0,0,1,0
"Customer120","Female","All.Organic",3136.4,1,0,0,0,1,0,0
"Customer121","Female","Party.Snacker",1153.31,0,0,1,0,0,0,0
"Customer123","Female","Coupon.Hunter",110,1,0,0,0,0,0,0
"Customer124","Male","Party.Snacker",490.99,0,0,1,0,0,0,0
"Customer126","Male","All.Organic",2860.52,1,0,1,0,1,0,0
"Customer127","Male","Fast.and.Filling",2362.58,1,1,0,0,0,0,0
"Customer128","Male","Fast.and.Filling",1132.55,0,1,0,0,0,0,0
"Customer129","Male","Party.Snacker",3345.67,1,0,1,0,0,1,1
"Customer130","Female","Party.Snacker",1913.51,0,1,1,0,0,0,1
"Customer131","Male","Brand.Buyer",1993.75,0,1,0,0,0,0,1
"Customer132","Male","All.Organic",2124.7,1,0,1,0,1,0,0
"Customer133","Female","Party.Snacker",526.85,0,0,1,0,0,0,0
"Customer135","Female","Party.Snacker",2068.62,1,1,1,0,0,0,0
"Customer136","Male","Fast.and.Filling",939.6,1,1,0,0,0,0,0
"Customer137","Male","Party.Snacker",2437.06,1,0,1,0,0,0,1
"Customer138","Female","Vegetarian",2239.79,0,0,1,0,0,1,0
"Customer139","Male","All.Organic",2800.05,0,0,1,0,1,0,0
"Customer142","Male","Fast.and.Filling",2410.33,0,1,1,0,0,0,1
"Customer143","Female","Party.Snacker",800.73,0,0,1,0,0,0,0
"Customer144","Female","Gourmet.Focus",4081.2,1,0,0,1,0,0,1
"Customer145","Female","Brand.Buyer",2217.4,0,0,1,0,0,1,1
"Customer146","Female","Coupon.Hunter",1183.61,1,1,0,0,0,0,0
"Customer147","Female","Brand.Buyer",2354.23,1,1,0,0,0,0,1
"Customer148","Female","Party.Snacker",1750,0,0,1,0,0,1,1
"Customer150","Female","Party.Snacker",1662.5,0,0,1,0,0,0,0
"Customer151","Female","Gourmet.Focus",1125,0,0,0,1,0,1,0
"Customer152","Male","Party.Snacker",1274.91,0,0,1,0,0,0,0
"Customer153","Female","All.Organic",2682.8,0,0,0,0,1,0,0
"Customer154","Female","Coupon.Hunter",575.4,1,0,0,0,0,0,0
"Customer155","Female","Coupon.Hunter",698.65,1,0,0,0,0,0,0
"Customer157","Female","Brand.Buyer",2795.48,0,1,0,0,0,0,1
"Customer158","Female","Fast.and.Filling",1828.67,0,1,0,0,0,0,1
"Customer159","Female","Party.Snacker",795.59,0,0,1,0,0,0,0
"Customer160","Female","Party.Snacker",1110.92,1,0,1,0,0,0,0
"Customer161","Male","All.Organic",4234.13,1,0,0,1,1,0,0
"Customer162","Female","Vegetarian",583.99,0,0,0,0,0,1,0
"Customer164","Female","Brand.Buyer",1822.93,0,0,0,0,0,0,1
"Customer165","Female","Coupon.Hunter",497.87,1,0,0,0,0,0,0
"Customer166","Male","Coupon.Hunter",720.75,1,0,0,0,0,0,0
"Customer167","Male","Party.Snacker",494.79,0,0,1,0,0,0,0
"Customer168","Male","Party.Snacker",795.32,0,0,1,0,0,0,0
"Customer169","Male","Brand.Buyer",1086.6,0,0,0,0,0,0,1
"Customer170","Female","Fast.and.Filling",492.6,0,1,0,0,0,0,0
"Customer171","Male","All.Organic",921.7,0,0,0,0,1,0,0
"Customer173","Female","Coupon.Hunter",931.84,1,0,0,0,0,0,0
"Customer174","Female","All.Organic",2519.24,1,0,0,0,1,0,0
"Customer175","Female","Brand.Buyer",1309,0,0,0,0,0,0,1
"Customer176","Male","Coupon.Hunter",1823.71,1,0,1,0,0,0,1
"Customer178","Male","Vegetarian",1190.33,1,0,0,0,0,1,0
"Customer179","Male","All.Organic",3486.11,1,0,0,0,1,0,0
"Customer180","Male","Coupon.Hunter",900,1,0,0,0,0,0,0
"Customer184","Female","Gourmet.Focus",1869.17,1,0,0,1,0,0,0
"Customer185","Male","All.Organic",2690.39,0,1,0,0,1,1,0
"Customer186","Female","Coupon.Hunter",1471.1,1,1,0,0,0,0,0
"Customer187","Male","Coupon.Hunter",1467.39,1,0,0,1,0,0,0
"Customer188","Male","All.Organic",1102.56,1,0,0,0,1,0,0
"Customer190","Male","Coupon.Hunter",297.65,1,0,0,0,0,0,0
"Customer191","Female","All.Organic",3333.22,0,1,0,0,1,0,1
"Customer192","Female","Coupon.Hunter",181.86,1,0,0,0,0,0,0
"Customer193","Male","Vegetarian",1158.04,0,0,0,0,0,1,0
"Customer194","Male","Party.Snacker",1729.54,1,0,1,0,0,0,1
"Customer195","Female","All.Organic",2494.16,0,0,0,0,1,0,0
"Customer197","Female","Brand.Buyer",2668.58,0,1,1,0,0,0,1
"Customer198","Male","Fast.and.Filling",2074.17,1,1,0,0,1,0,0
"Customer200","Female","Brand.Buyer",812.86,0,0,0,0,0,0,1
"Customer201","Male","Party.Snacker",686.22,0,0,1,0,0,0,0
"Customer202","Female","Coupon.Hunter",445.38,1,0,0,0,0,0,0
"Customer203","Male","All.Organic",2883.07,1,0,0,0,1,0,0
"Customer204","Female","Fast.and.Filling",1341.29,1,1,0,0,0,0,0
"Customer205","Female","All.Organic",3081.83,0,0,0,0,1,0,1
"Customer206","Female","Fast.and.Filling",3102.82,1,1,1,1,0,0,0
"Customer207","Female","Coupon.Hunter",154.45,1,0,0,0,0,0,0
"Customer208","Male","All.Organic",3010.59,1,0,0,0,1,0,1
"Customer210","Female","Brand.Buyer",2440.07,1,0,0,0,1,0,1
"Customer211","Male","All.Organic",1987.32,1,0,0,0,1,0,0
"Customer212","Female","Fast.and.Filling",2165.55,0,1,1,0,0,0,0
"Customer213","Male","Gourmet.Focus",858.64,0,0,0,1,0,0,0
"Customer214","Female","Coupon.Hunter",491.95,1,0,0,0,0,0,0
"Customer215","Female","All.Organic",2908.18,1,0,1,0,1,0,0
"Customer216","Male","Coupon.Hunter",1084.47,1,0,1,0,0,0,0
"Customer217","Male","Fast.and.Filling",1655.17,0,1,0,0,0,0,0
"Customer218","Male","All.Organic",4296,1,0,1,0,1,0,1
"Customer219","Female","All.Organic",3623.74,0,0,0,0,1,1,0
"Customer221","Female","Party.Snacker",1148.82,0,0,1,0,0,0,0
"Customer222","Female","All.Organic",3111.04,1,0,1,0,1,0,0
"Customer223","Male","All.Organic",5292.49,1,1,1,0,1,0,1
"Customer224","Female","Coupon.Hunter",410.83,1,0,0,0,0,0,0
"Customer225","Female","All.Organic",3392.82,0,1,0,0,1,0,0
"Customer226","Male","Party.Snacker",992.44,0,0,1,0,0,0,0
"Customer228","Male","Brand.Buyer",870.92,0,0,0,0,0,0,1
"Customer229","Female","Gourmet.Focus",4364.7,1,1,1,1,0,0,0
"Customer230","Male","Coupon.Hunter",1194.33,1,0,0,0,0,0,0
"Customer231","Female","Gourmet.Focus",2622.32,1,0,1,1,0,0,0
"Customer232","Female","Party.Snacker",1905.77,1,0,1,0,0,0,0
"Customer233","Female","Brand.Buyer",2091.77,1,0,0,0,0,0,1
"Customer235","Female","Brand.Buyer",1044.57,1,0,0,0,0,0,1
"Customer236","Female","All.Organic",3938.17,0,0,1,1,1,0,0
"Customer237","Female","Brand.Buyer",2143.38,0,1,0,0,0,0,1
"Customer238","Male","Coupon.Hunter",273.04,1,0,0,0,0,0,0
"Customer239","Female","Party.Snacker",1370.38,1,0,1,0,0,0,0
"Customer240","Male","Gourmet.Focus",2058.24,0,0,0,1,0,0,0
"Customer241","Female","All.Organic",2526.07,0,0,0,0,1,0,0
"Customer242","Female","Party.Snacker",700.89,0,0,1,0,0,0,0
"Customer243","Male","Party.Snacker",483.16,0,0,1,0,0,0,0
"Customer244","Female","All.Organic",2999.55,1,0,1,0,1,1,0
"Customer245","Male","All.Organic",3630.32,1,0,1,0,1,0,0
"Customer247","Female","Gourmet.Focus",3329.1,1,0,1,1,1,0,0
"Customer248","Female","Fast.and.Filling",389.2,0,1,0,0,0,0,0
"Customer249","Male","Vegetarian",2031.93,0,0,0,0,0,1,1
"Customer250","Male","Coupon.Hunter",1332.55,1,0,1,0,0,0,1
"Customer253","Female","Gourmet.Focus",2674.68,0,0,1,1,0,0,0
"Customer254","Male","Coupon.Hunter",1299.73,1,0,0,0,0,0,0
"Customer255","Female","All.Organic",2950.81,0,0,1,0,1,0,0
"Customer256","Male","Party.Snacker",2145.82,1,0,1,0,0,0,1
"Customer258","Male","Brand.Buyer",1208.85,0,0,0,0,0,0,1
"Customer263","Male","Gourmet.Focus",4082.99,1,0,0,1,0,1,1
"Customer264","Female","Gourmet.Focus",2100,0,0,0,1,0,0,0
"Customer265","Female","All.Organic",4574.51,0,0,0,1,1,1,0
"Customer266","Female","All.Organic",1882.25,0,0,0,0,1,1,0
"Customer267","Male","All.Organic",2208.03,1,0,0,0,1,0,1
"Customer268","Female","Coupon.Hunter",1226.22,1,0,0,0,0,0,0
"Customer269","Male","All.Organic",3664.51,1,1,0,0,1,0,0
"Customer270","Male","All.Organic",2692.35,0,1,1,0,1,0,0
"Customer271","Female","Gourmet.Focus",2918.76,1,0,0,1,1,0,0
"Customer272","Male","Vegetarian",1318.97,0,0,0,0,0,1,1
"Customer273","Male","Vegetarian",823.79,0,0,0,0,0,1,0
"Customer274","Male","Coupon.Hunter",227.83,1,0,0,0,0,0,0
"Customer275","Female","Party.Snacker",738.43,0,0,1,0,0,0,0
"Customer276","Female","Fast.and.Filling",3612.18,1,1,0,0,0,0,1
"Customer277","Male","All.Organic",2928.57,1,0,0,0,1,0,1
"Customer278","Male","Party.Snacker",1689.45,0,0,1,0,0,1,0
"Customer279","Female","Gourmet.Focus",3190.45,1,0,0,1,0,1,0
"Customer280","Female","Coupon.Hunter",832.69,1,0,0,0,0,0,0
"Customer281","Male","All.Organic",1656.79,1,0,0,0,1,0,0
"Customer283","Male","Fast.and.Filling",2904.23,0,1,1,0,0,1,0
"Customer284","Male","Fast.and.Filling",3340.53,1,1,1,0,0,0,1
"Customer285","Female","Gourmet.Focus",626.19,0,0,0,1,0,0,0
"Customer287","Female","Party.Snacker",1721.06,1,0,1,0,0,0,1
"Customer288","Female","Brand.Buyer",1000.58,1,0,0,0,0,0,1
"Customer289","Female","Party.Snacker",210,1,0,1,0,0,0,0
"Customer290","Female","All.Organic",2300.9,0,0,0,0,1,0,0
"Customer291","Female","Party.Snacker",1291.68,0,0,1,0,0,0,0
"Customer293","Male","Coupon.Hunter",1195.29,1,0,1,0,0,0,0
"Customer296","Male","Coupon.Hunter",776.37,1,0,0,0,0,0,0
"Customer297","Female","All.Organic",3311.4,0,0,1,0,1,0,1
"Customer298","Female","All.Organic",1327.45,0,0,1,0,1,0,0
"Customer299","Female","Gourmet.Focus",1858.03,1,0,0,1,0,1,0
"Customer300","Male","Fast.and.Filling",1695.89,0,1,0,0,0,0,0
"Customer301","Female","All.Organic",1104.5,0,0,0,0,1,1,0
"Customer302","Female","Party.Snacker",759.76,0,0,1,0,0,0,0
"Customer304","Female","All.Organic",4062.34,0,1,0,0,1,1,1
"Customer305","Female","Brand.Buyer",2408.98,0,0,0,0,0,1,1
"Customer309","Female","All.Organic",1074.45,0,0,0,0,1,0,1
"Customer310","Male","Party.Snacker",2347.64,1,0,1,0,1,0,0
"Customer311","Male","Brand.Buyer",1288.73,0,0,1,0,0,0,1
"Customer314","Male","Fast.and.Filling",1858.06,1,1,0,0,0,1,0
"Customer315","Male","Coupon.Hunter",1127.12,1,1,0,0,0,0,0
"Customer316","Male","Brand.Buyer",1212.31,0,1,0,0,0,0,1
"Customer317","Female","All.Organic",3883.32,1,0,0,0,1,1,0
"Customer318","Female","Gourmet.Focus",1739.28,0,0,0,1,0,0,0
"Customer319","Male","Coupon.Hunter",1545.8,1,1,0,0,0,1,0
"Customer320","Male","All.Organic",2873.14,0,1,1,0,1,0,0
"Customer321","Female","Coupon.Hunter",1048.98,1,1,1,0,0,0,0
"Customer322","Female","Vegetarian",3622.04,1,0,1,0,1,1,0
"Customer323","Male","Brand.Buyer",933.78,0,0,0,0,0,0,1
"Customer324","Male","Fast.and.Filling",1081.05,0,1,0,0,0,0,0
"Customer325","Female","Vegetarian",1060.01,1,0,0,0,0,1,0
"Customer326","Male","Fast.and.Filling",810.15,0,1,0,0,0,0,0
"Customer327","Female","Gourmet.Focus",1783.41,0,0,0,1,0,0,0
"Customer328","Female","Party.Snacker",982.2,0,0,1,0,0,0,0
"Customer330","Female","Gourmet.Focus",5915.8,0,0,0,1,1,0,1
"Customer331","Female","Party.Snacker",781.85,0,0,1,0,0,0,0
"Customer332","Male","Brand.Buyer",812.66,0,0,0,0,0,0,1
"Customer333","Male","Party.Snacker",682.56,0,0,1,0,0,0,0
"Customer334","Female","All.Organic",2069.04,1,0,0,0,1,0,0
"Customer335","Female","Gourmet.Focus",3319.22,0,1,0,1,0,0,0
"Customer336","Female","Vegetarian",861.04,0,0,0,0,0,1,0
"Customer337","Male","Vegetarian",2132.09,1,0,0,1,1,1,0
"Customer338","Male","Coupon.Hunter",1561.07,1,0,1,0,0,0,0
"Customer339","Male","Party.Snacker",563.61,0,0,1,0,0,0,0
"Customer340","Male","Brand.Buyer",1939.62,1,0,1,0,0,0,1
"Customer341","Male","All.Organic",3240.11,0,0,0,0,1,0,1
"Customer342","Female","Fast.and.Filling",1040.85,0,1,0,0,0,0,0
"Customer344","Female","All.Organic",2197.89,1,0,1,0,1,0,0
"Customer345","Male","Vegetarian",2185.36,1,0,1,0,0,1,0
"Customer346","Male","Coupon.Hunter",825.22,1,0,0,0,0,0,0
"Customer347","Female","All.Organic",2192.63,0,0,1,0,1,0,0
"Customer348","Female","Party.Snacker",1100.58,0,0,1,0,0,0,0
"Customer350","Male","Fast.and.Filling",1402.37,0,1,0,0,0,0,0
"Customer351","Male","All.Organic",1341.97,0,0,0,0,1,0,0
"Customer352","Male","Brand.Buyer",2044.97,1,0,0,0,0,0,1
"Customer353","Male","Gourmet.Focus",3228.59,1,0,0,1,0,0,0
"Customer354","Female","Fast.and.Filling",1253.01,0,1,0,0,0,0,0
"Customer355","Male","All.Organic",4504.16,0,0,0,0,1,0,1
"Customer356","Female","Fast.and.Filling",518.12,1,1,0,0,0,0,0
"Customer357","Female","Fast.and.Filling",1723.02,1,1,0,0,0,0,0
"Customer358","Female","Brand.Buyer",2071.46,0,0,0,0,1,0,1
"Customer361","Female","Gourmet.Focus",3962.37,0,0,1,1,1,1,1
"Customer362","Male","Brand.Buyer",1470.04,0,0,0,0,0,0,1
"Customer363","Male","Fast.and.Filling",1756.3,1,1,0,0,0,0,0
"Customer364","Female","All.Organic",2689.46,0,0,1,0,1,0,0
"Customer365","Female","Brand.Buyer",2526.17,0,0,0,1,0,0,1
"Customer366","Female","All.Organic",4219.54,0,1,1,0,1,0,0
"Customer367","Female","Coupon.Hunter",555.79,1,0,0,0,0,0,0
"Customer368","Female","Vegetarian",1487.32,0,0,0,0,0,1,0
"Customer369","Female","Party.Snacker",357.85,0,0,1,0,0,0,0
"Customer370","Male","Party.Snacker",1093.52,0,0,1,0,0,0,0
"Customer371","Male","Party.Snacker",1289.08,1,0,1,0,0,0,0
"Customer372","Female","Coupon.Hunter",1451.83,1,0,1,0,0,0,0
"Customer373","Female","Party.Snacker",1343.58,0,0,1,0,0,0,0
"Customer374","Female","Party.Snacker",1709.46,1,0,1,0,0,0,0
"Customer376","Male","Vegetarian",2621.96,1,1,0,0,0,1,0
"Customer377","Female","Coupon.Hunter",1367.49,1,0,0,0,0,0,0
"Customer378","Female","Coupon.Hunter",1084.79,1,0,0,0,0,0,0
"Customer379","Male","Party.Snacker",1421.68,0,0,1,0,0,0,0
"Customer380","Female","All.Organic",4052.97,0,0,0,0,1,0,1
"Customer381","Female","Brand.Buyer",1638.39,0,0,0,0,0,0,1
"Customer382","Female","Coupon.Hunter",637.45,1,0,1,0,0,0,0
"Customer383","Female","Fast.and.Filling",324.98,0,1,0,0,0,0,0
"Customer384","Male","Coupon.Hunter",530.93,1,0,0,0,0,0,0
"Customer385","Female","All.Organic",2923.91,0,0,0,0,1,0,0
"Customer386","Female","Fast.and.Filling",2240.25,1,1,0,0,0,0,0
"Customer387","Female","All.Organic",3969.09,1,0,0,0,1,1,0
"Customer388","Female","Brand.Buyer",2600.03,1,1,0,0,0,0,1
"Customer389","Female","Vegetarian",2046.54,1,0,0,0,1,1,0
"Customer391","Male","Fast.and.Filling",1618.46,0,1,0,0,0,0,0
"Customer393","Female","Coupon.Hunter",581.31,1,0,0,0,0,0,0
"Customer394","Male","Vegetarian",1234.48,0,0,1,0,0,1,0
"Customer395","Male","Party.Snacker",503.62,0,0,1,0,0,0,0
"Customer396","Female","Coupon.Hunter",1124.58,1,0,0,0,0,0,1
"Customer398","Female","Brand.Buyer",2837.02,1,0,0,0,1,0,1
"Customer399","Male","All.Organic",3870.09,1,0,0,0,1,0,1
"Customer400","Female","All.Organic",1563.51,0,0,0,0,1,0,0
"Customer401","Female","Fast.and.Filling",1224.44,0,1,0,0,0,0,0
"Customer402","Male","Brand.Buyer",2716.5,0,0,0,0,1,0,1
"Customer403","Male","Gourmet.Focus",3753.67,1,0,0,1,0,1,0
"Customer404","Female","Coupon.Hunter",589.94,1,0,1,0,0,0,0
"Customer407","Female","Party.Snacker",425.37,1,0,1,0,0,0,0
"Customer408","Male","Brand.Buyer",2080.25,1,0,1,0,0,0,1
"Customer410","Female","Party.Snacker",918.29,0,0,1,0,0,0,0
"Customer411","Male","Party.Snacker",375.42,1,0,1,0,0,0,0
"Customer412","Female","Brand.Buyer",400,0,0,0,0,0,0,1
"Customer413","Female","Gourmet.Focus",2872.32,1,0,0,1,0,0,0
"Customer414","Male","Brand.Buyer",400,0,0,0,0,0,0,1
"Customer415","Male","Party.Snacker",885.96,0,0,1,0,0,0,0
"Customer416","Female","Coupon.Hunter",375.23,1,0,0,0,0,0,0
"Customer417","Male","Coupon.Hunter",727.77,1,0,0,0,0,0,0
"Customer421","Female","Coupon.Hunter",1099.4,1,0,0,0,0,0,0
"Customer422","Female","Party.Snacker",1446.84,0,0,1,0,0,0,0
"Customer424","Female","All.Organic",3250.7,1,0,0,0,1,0,0
"Customer425","Male","Fast.and.Filling",4216.27,1,1,0,1,0,1,0
"Customer426","Male","Party.Snacker",490.05,0,0,1,0,0,0,0
"Customer427","Male","Coupon.Hunter",944,1,0,0,0,0,0,0
"Customer428","Female","Vegetarian",2068.01,0,0,1,0,0,1,0
"Customer429","Male","Brand.Buyer",856.39,0,0,0,0,0,0,1
"Customer430","Male","Gourmet.Focus",3601.22,1,0,1,1,0,0,0
"Customer431","Male","Fast.and.Filling",2216.03,0,1,0,0,0,1,0
"Customer432","Female","Brand.Buyer",2483.01,1,0,0,0,0,1,1
"Customer434","Male","Gourmet.Focus",3476.28,1,0,0,1,0,1,0
"Customer435","Female","Party.Snacker",312.11,0,0,1,0,0,0,0
"Customer436","Male","Gourmet.Focus",1485,0,0,0,1,0,1,0
"Customer437","Male","Party.Snacker",329.41,0,0,1,0,0,0,0
"Customer438","Female","Coupon.Hunter",2028.37,1,0,0,0,0,1,0
"Customer439","Male","Gourmet.Focus",902,0,0,0,1,0,0,1
"Customer440","Male","Fast.and.Filling",2344.63,1,1,1,0,0,0,0
"Customer441","Male","All.Organic",3566.05,0,0,0,1,1,0,1
"Customer443","Male","Fast.and.Filling",1158.19,0,1,0,0,0,0,0
"Customer444","Male","Brand.Buyer",1753.68,0,0,0,0,0,0,1
"Customer445","Female","Gourmet.Focus",3665.05,0,0,1,1,1,0,0
"Customer446","Female","Vegetarian",3228.22,1,0,1,0,0,1,1
"Customer447","Female","Brand.Buyer",3144.2,1,1,0,0,0,1,1
"Customer448","Male","Coupon.Hunter",1165.76,1,0,0,0,0,0,0
"Customer449","Female","Vegetarian",1629.43,0,0,0,0,0,1,0
"Customer450","Male","Fast.and.Filling",2465.17,0,1,1,0,0,0,0
"Customer451","Female","Party.Snacker",397.65,0,0,1,0,0,0,0
"Customer452","Male","Party.Snacker",2221.43,1,0,1,1,0,0,0
"Customer453","Female","Brand.Buyer",1191.77,0,0,0,0,0,0,1
"Customer454","Male","All.Organic",3799.37,1,0,0,0,1,1,0
"Customer455","Female","Fast.and.Filling",1413.07,1,1,0,0,0,0,0
"Customer456","Male","Vegetarian",1026.06,1,0,0,0,0,1,0
"Customer458","Female","Coupon.Hunter",423.02,1,0,0,0,0,0,0
"Customer459","Male","All.Organic",2673.11,1,0,0,0,1,0,0
"Customer460","Female","Vegetarian",1410.01,0,0,0,0,0,1,0
"Customer461","Female","Party.Snacker",1531.48,0,1,1,0,0,0,0
"Customer464","Male","Gourmet.Focus",1057.44,0,0,1,1,0,0,0
"Customer465","Female","All.Organic",2437.88,1,0,0,0,1,1,0
"Customer466","Female","All.Organic",1280.95,0,0,0,0,1,0,0
"Customer467","Female","Coupon.Hunter",1467.21,1,0,1,0,0,0,1
"Customer468","Female","Party.Snacker",1237,0,0,1,0,0,0,0
"Customer469","Female","Brand.Buyer",1599.96,0,0,0,0,1,0,1
"Customer470","Female","Fast.and.Filling",1495.74,0,1,0,0,0,0,0
"Customer471","Female","Coupon.Hunter",769.93,1,0,0,0,0,0,0
"Customer473","Male","Fast.and.Filling",1041.11,0,1,0,0,0,0,0
"Customer474","Female","All.Organic",2739.59,0,0,0,0,1,0,1
"Customer475","Female","Brand.Buyer",1141.29,0,0,0,0,0,0,1
"Customer477","Female","All.Organic",3066.74,0,1,1,0,1,0,0
"Customer478","Male","Brand.Buyer",1585.64,1,0,1,0,0,0,1
"Customer479","Female","Party.Snacker",2010.26,0,0,1,0,0,1,0
"Customer480","Female","Gourmet.Focus",1552.86,0,1,0,1,0,0,1
"Customer481","Female","Fast.and.Filling",1403.46,0,1,0,0,0,0,0
"Customer482","Male","Fast.and.Filling",2051.7,0,1,1,0,0,0,0
"Customer483","Male","Gourmet.Focus",1526.46,1,0,0,1,0,0,0
"Customer485","Female","Fast.and.Filling",904.77,0,1,1,0,0,0,0
"Customer486","Female","All.Organic",2634.66,1,0,1,0,1,0,0
"Customer487","Female","All.Organic",1984.89,0,0,0,0,1,0,1
"Customer488","Female","Fast.and.Filling",1763.11,1,1,1,0,0,0,0
"Customer489","Male","Brand.Buyer",695.49,0,0,0,0,0,0,1
"Customer490","Male","Coupon.Hunter",588.86,1,0,0,0,0,0,0
"Customer491","Female","Gourmet.Focus",1486.54,0,0,0,1,0,0,0
"Customer492","Female","All.Organic",1698.56,0,0,1,0,1,0,0
"Customer493","Female","Coupon.Hunter",1005.61,1,1,0,0,0,0,0
"Customer494","Female","Brand.Buyer",1704.93,1,0,0,0,0,0,1
"Customer495","Male","All.Organic",4400.85,1,0,0,0,1,1,1
"Customer496","Female","All.Organic",1056.53,1,0,0,0,1,0,0
"Customer497","Male","All.Organic",998.93,0,1,0,0,1,0,0
"Customer498","Female","Brand.Buyer",3000,0,1,0,0,0,0,1
"Customer499","Female","Fast.and.Filling",1284.9,0,1,0,0,0,0,0
"Customer500","Female","Fast.and.Filling",1632.81,1,1,0,0,0,0,0
"Customer501","Female","Party.Snacker",1409.08,0,0,1,0,0,1,0
"Customer502","Male","Gourmet.Focus",3786.67,1,1,1,1,0,0,1
"Customer503","Female","Coupon.Hunter",614.06,1,0,0,0,0,0,0
"Customer504","Female","Coupon.Hunter",1473.08,1,1,1,0,0,0,0
"Customer505","Male","Coupon.Hunter",458.66,1,0,0,0,0,0,0
"Customer506","Female","Gourmet.Focus",2484.37,0,0,0,1,0,0,1
"Customer507","Male","All.Organic",1645.28,1,0,1,0,1,0,0
"Customer508","Female","Coupon.Hunter",1466.58,1,0,0,0,0,0,0
"Customer510","Male","Brand.Buyer",2246.22,1,0,0,0,0,0,1
"Customer511","Female","All.Organic",2969.61,0,0,1,0,1,0,0
"Customer512","Female","Coupon.Hunter",1203.59,1,0,0,0,0,0,0
"Customer513","Male","Vegetarian",1936.68,0,0,0,0,0,1,0
"Customer514","Male","Fast.and.Filling",2714.14,1,1,0,0,0,0,0
"Customer515","Male","Vegetarian",1220.83,1,0,0,0,0,1,0
"Customer516","Male","Vegetarian",1077.01,1,0,0,0,0,1,0
"Customer517","Female","Party.Snacker",1091.81,0,0,1,0,0,0,0
"Customer518","Female","All.Organic",1875.93,1,1,0,0,1,0,0
"Customer519","Male","All.Organic",1932.77,1,0,0,0,1,0,0
"Customer520","Female","All.Organic",2849.43,0,0,0,0,1,0,1
"Customer521","Male","Gourmet.Focus",2100,0,0,0,1,0,0,0
"Customer522","Male","Brand.Buyer",863.53,0,0,0,0,0,0,1
"Customer523","Male","Coupon.Hunter",1547.35,1,0,0,0,0,0,0
"Customer524","Female","Gourmet.Focus",1643.76,0,0,0,1,0,0,0
"Customer525","Female","Vegetarian",2322.5,1,0,0,0,0,1,0
"Customer526","Male","Fast.and.Filling",493.52,0,1,0,0,0,0,0
"Customer528","Male","Brand.Buyer",2390.24,0,0,1,0,0,0,1
"Customer529","Male","Coupon.Hunter",1002.77,1,0,0,0,0,0,0
"Customer531","Male","All.Organic",2587.8,1,0,0,0,1,0,0
"Customer532","Male","All.Organic",3450.74,0,0,0,0,1,1,0
"Customer533","Female","Gourmet.Focus",1803.5,0,0,0,1,0,0,0
"Customer534","Female","Brand.Buyer",1688.32,0,0,1,0,0,0,1
"Customer535","Male","Coupon.Hunter",522.58,1,0,0,0,0,0,0
"Customer536","Male","Party.Snacker",662.29,0,0,1,0,0,0,0
"Customer537","Male","Coupon.Hunter",647.88,1,0,0,0,0,0,0
"Customer538","Female","Vegetarian",1910.21,0,0,0,0,1,1,0
"Customer539","Female","All.Organic",4690.48,1,1,1,1,1,0,1
"Customer540","Male","Brand.Buyer",1018.77,1,0,1,0,0,0,1
"Customer541","Male","Party.Snacker",2149,1,0,1,0,0,0,0
"Customer542","Female","Coupon.Hunter",784.03,1,0,0,0,0,0,0
"Customer543","Female","Fast.and.Filling",1560.9,0,1,1,0,0,0,0
"Customer544","Male","All.Organic",4057.26,0,1,0,0,1,0,1
"Customer545","Female","Gourmet.Focus",2256.44,0,0,0,1,0,0,0
"Customer546","Female","Coupon.Hunter",1171.3,1,0,1,0,0,0,0
"Customer548","Male","Brand.Buyer",682.34,1,0,0,0,0,0,1
"Customer549","Female","Party.Snacker",1088.35,0,1,1,0,0,0,0
"Customer550","Female","Fast.and.Filling",1981.05,0,1,1,0,0,0,0
"Customer551","Female","Gourmet.Focus",2081.12,0,0,0,1,0,0,0
"Customer552","Male","Fast.and.Filling",2154.75,1,1,1,0,0,0,0
"Customer553","Male","Brand.Buyer",1101.56,0,0,0,0,0,0,1
"Customer554","Female","Fast.and.Filling",1119.81,1,1,0,0,0,0,0
"Customer555","Male","Party.Snacker",1438.38,0,0,1,0,0,0,0
"Customer556","Female","All.Organic",1912.8,1,0,0,0,1,0,0
"Customer557","Male","Gourmet.Focus",1478.53,0,0,0,1,0,0,0
"Customer558","Male","Gourmet.Focus",953.58,0,0,0,1,0,0,0
"Customer559","Male","Party.Snacker",1400.56,1,1,1,0,0,0,0
"Customer560","Female","Party.Snacker",386.7,1,0,1,0,0,0,0
"Customer561","Male","Gourmet.Focus",1857.9,1,0,0,1,0,0,0
"Customer562","Female","Gourmet.Focus",6475.1,1,0,0,1,1,0,1
"Customer563","Male","Fast.and.Filling",783.78,0,1,0,0,0,0,0
"Customer564","Male","All.Organic",4079.44,0,1,1,0,1,0,0
"Customer565","Female","Brand.Buyer",1874.18,0,0,0,0,1,0,1
"Customer566","Male","All.Organic",1469.47,0,0,0,0,1,1,0
"Customer567","Female","All.Organic",1343.83,1,0,1,0,1,0,0
"Customer568","Female","All.Organic",1027.36,0,0,0,0,1,0,0
"Customer570","Male","Brand.Buyer",2005.77,0,0,0,0,0,0,1
"Customer571","Male","All.Organic",3357.09,0,0,0,0,1,1,0
"Customer572","Male","Coupon.Hunter",1307.96,1,0,0,0,0,0,0
"Customer573","Female","Vegetarian",1608.64,0,0,0,0,0,1,0
"Customer574","Male","Fast.and.Filling",932.69,0,1,0,0,0,0,0
"Customer575","Female","All.Organic",3981.53,1,0,1,1,1,0,0
"Customer577","Female","Fast.and.Filling",2662.21,0,1,0,0,0,1,0
"Customer578","Male","Brand.Buyer",2811.88,1,1,0,0,0,0,1
"Customer579","Female","Coupon.Hunter",203.45,1,0,0,0,0,0,0
"Customer580","Female","Party.Snacker",1429.54,1,0,1,0,0,0,0
"Customer581","Male","Brand.Buyer",2006.41,1,0,0,0,0,0,1
"Customer582","Male","Party.Snacker",583.49,1,0,1,0,0,0,0
"Customer583","Male","Party.Snacker",1343.16,0,0,1,0,0,0,0
"Customer585","Female","Gourmet.Focus",2996.69,1,0,1,1,1,0,0
"Customer587","Male","Party.Snacker",333.65,0,0,1,0,0,0,0
"Customer588","Female","Coupon.Hunter",1000,1,0,1,0,0,0,0
"Customer589","Male","Fast.and.Filling",3008.64,0,1,0,0,0,0,1
"Customer590","Female","All.Organic",1006.89,1,0,0,0,1,0,0
"Customer591","Male","Coupon.Hunter",885.87,1,0,0,0,0,0,0
"Customer594","Male","Coupon.Hunter",1370.77,1,0,0,0,0,0,0
"Customer595","Female","Party.Snacker",662.22,0,0,1,0,0,0,0
"Customer596","Male","Gourmet.Focus",2586.01,1,0,1,1,0,0,1
"Customer597","Male","Fast.and.Filling",2267.1,0,1,0,1,0,0,0
"Customer598","Female","All.Organic",3946.75,0,0,0,0,1,0,1
"Customer599","Male","Coupon.Hunter",1313.32,1,0,0,0,0,0,1
"Customer600","Male","All.Organic",1202.92,1,0,0,0,1,0,0
"Customer601","Male","Fast.and.Filling",1681.36,1,1,0,0,0,0,0
"Customer602","Male","Brand.Buyer",1812.08,0,0,1,0,0,0,1
"Customer603","Male","Vegetarian",676.44,0,0,0,0,0,1,0
"Customer604","Female","Coupon.Hunter",1231.66,1,0,0,0,0,0,0
"Customer605","Male","Coupon.Hunter",544.58,1,0,0,0,0,0,0
"Customer606","Male","All.Organic",3676.65,1,0,0,0,1,0,1
"Customer607","Female","Party.Snacker",2026.39,1,0,1,0,1,0,0
"Customer608","Male","All.Organic",1325.85,1,1,0,0,1,0,0
"Customer609","Male","Party.Snacker",393.33,1,0,1,0,0,0,0
"Customer610","Male","Fast.and.Filling",2313.07,1,1,0,0,0,1,0
"Customer611","Male","Party.Snacker",1472.89,0,0,1,0,0,0,0
"Customer612","Female","Vegetarian",1798,0,0,0,0,0,1,0
"Customer613","Female","Vegetarian",2722.65,0,0,0,1,0,1,1
"Customer614","Male","Brand.Buyer",2099.87,0,0,0,0,0,0,1
"Customer615","Female","Party.Snacker",1355.12,0,0,1,0,0,0,0
"Customer617","Male","Vegetarian",320.63,0,0,0,0,0,1,0
"Customer618","Female","Fast.and.Filling",1535.05,0,1,1,0,0,0,0
"Customer619","Female","Coupon.Hunter",796.55,1,0,0,0,0,0,0
"Customer620","Male","All.Organic",4196.6,1,0,1,0,1,1,0
"Customer621","Male","Coupon.Hunter",554.58,1,0,0,0,0,0,0
"Customer622","Male","Coupon.Hunter",340.39,1,0,0,0,0,0,0
"Customer624","Male","Fast.and.Filling",2406.64,0,1,0,0,1,0,1
"Customer625","Male","Brand.Buyer",1348.86,0,0,0,0,0,1,1
"Customer626","Female","Fast.and.Filling",1993.03,0,1,0,0,0,0,0
"Customer628","Female","Brand.Buyer",1214.29,0,0,0,0,0,0,1
"Customer630","Male","Vegetarian",1631.76,1,1,0,0,0,1,0
"Customer631","Female","Gourmet.Focus",2047.46,0,0,0,1,0,0,0
"Customer632","Male","All.Organic",3341.77,1,0,1,0,1,0,0
"Customer633","Male","Coupon.Hunter",1026.64,1,0,1,0,0,0,0
"Customer634","Male","Gourmet.Focus",3470.63,0,1,1,1,0,0,0
"Customer636","Male","All.Organic",2587.79,1,0,0,0,1,0,1
"Customer637","Female","Fast.and.Filling",1395.56,1,1,0,0,0,0,0
"Customer639","Female","Fast.and.Filling",1520.25,1,1,1,0,0,0,0
"Customer640","Male","All.Organic",1377.12,1,1,1,0,1,0,0
"Customer642","Female","Fast.and.Filling",1682.96,0,1,1,0,0,0,0
"Customer643","Male","Brand.Buyer",1155.01,1,0,0,0,0,0,1
"Customer644","Female","Fast.and.Filling",2730.73,0,1,0,0,0,0,1
"Customer645","Male","Brand.Buyer",2188.75,1,0,0,0,1,0,1
"Customer646","Male","All.Organic",1563.47,0,0,1,0,1,0,0
"Customer647","Male","Gourmet.Focus",2382.18,0,1,0,1,0,0,1
"Customer648","Male","Fast.and.Filling",2550,0,1,0,1,1,0,0
"Customer649","Female","Vegetarian",1711.51,0,0,0,0,0,1,0
"Customer650","Female","Vegetarian",2375.46,1,0,0,0,0,1,1
"Customer651","Male","Party.Snacker",622.79,0,0,1,0,0,0,0
"Customer652","Male","Gourmet.Focus",2581.05,0,0,0,1,1,0,0
"Customer653","Male","Brand.Buyer",1784.07,0,0,0,0,0,1,1
"Customer654","Male","All.Organic",3672,1,1,0,0,1,0,0
"Customer655","Male","All.Organic",5356.62,1,0,1,1,1,0,1
"Customer656","Female","Party.Snacker",2161.45,0,0,1,0,0,1,0
"Customer657","Male","Coupon.Hunter",1356.2,1,1,0,0,0,0,0
"Customer658","Male","All.Organic",2428.18,0,0,1,0,1,0,0
"Customer660","Female","Gourmet.Focus",3140.77,0,0,0,1,1,0,0
"Customer661","Female","Fast.and.Filling",1970.08,0,1,0,0,0,0,0
"Customer663","Female","Vegetarian",1405.47,0,0,1,0,0,1,0
"Customer664","Female","Vegetarian",818.27,0,0,1,0,0,1,0
"Customer665","Male","Party.Snacker",322.04,0,0,1,0,0,0,0
"Customer666","Female","Brand.Buyer",5469.34,1,0,0,0,1,1,1
"Customer667","Male","Vegetarian",260,1,0,0,0,0,1,0
"Customer671","Male","All.Organic",3517.18,1,0,0,0,1,0,1
"Customer672","Male","Brand.Buyer",1100,0,0,0,0,0,0,1
"Customer673","Male","All.Organic",4803.52,0,1,1,0,1,0,0
"Customer675","Male","Party.Snacker",299.06,0,0,1,0,0,0,0
"Customer676","Male","Coupon.Hunter",580.6,1,0,0,0,0,0,0
"Customer677","Male","Party.Snacker",1737.03,0,0,1,0,0,0,1
"Customer678","Female","All.Organic",1510.43,0,0,1,0,1,0,0
"Customer679","Female","All.Organic",1864.78,0,0,0,0,1,0,0
"Customer680","Male","Brand.Buyer",1666.98,0,0,0,0,0,0,1
"Customer681","Male","Party.Snacker",1735.24,0,1,1,0,0,1,0
"Customer682","Female","Gourmet.Focus",3919.92,0,1,0,1,1,0,0
"Customer683","Male","Brand.Buyer",1115.71,1,0,0,0,0,0,1
"Customer684","Male","Party.Snacker",1102.26,1,0,1,0,0,0,0
"Customer685","Male","Gourmet.Focus",2918.68,0,0,0,1,1,0,0
"Customer686","Male","Party.Snacker",896.26,0,0,1,0,0,0,0
"Customer687","Female","Brand.Buyer",1700,0,0,1,0,0,0,1
"Customer688","Female","Party.Snacker",581.19,1,0,1,0,0,0,0
"Customer689","Female","Coupon.Hunter",1031.53,1,0,0,0,0,0,0
"Customer690","Male","Party.Snacker",370.31,0,0,1,0,0,0,0
"Customer691","Female","Coupon.Hunter",640.37,1,0,0,0,0,0,0
"Customer692","Female","Gourmet.Focus",2591.57,1,0,0,1,0,0,1
"Customer693","Male","Party.Snacker",675.95,0,0,1,0,0,0,0
"Customer694","Female","All.Organic",3246.15,0,0,0,0,1,0,0
"Customer695","Female","All.Organic",2124.71,0,0,0,0,1,1,0
"Customer696","Female","Coupon.Hunter",847.62,1,0,0,0,0,0,0
"Customer697","Female","Brand.Buyer",1905.53,1,0,0,0,0,0,1
"Customer699","Male","All.Organic",2600.2,0,0,0,0,1,0,0
"Customer700","Female","Gourmet.Focus",951.6,0,0,1,1,0,0,0
"Customer702","Female","Vegetarian",1149.64,0,0,0,0,0,1,0
"Customer703","Female","Brand.Buyer",1388.21,1,0,0,0,0,0,1
"Customer705","Male","Coupon.Hunter",704.01,1,0,0,0,0,0,0
"Customer706","Female","Fast.and.Filling",1310.91,0,1,0,0,0,0,0
"Customer708","Female","Brand.Buyer",1700,0,0,1,0,0,0,1
"Customer709","Male","Fast.and.Filling",1580.2,0,1,0,0,0,0,0
"Customer710","Female","All.Organic",1272.03,0,0,0,0,1,0,0
"Customer712","Female","Brand.Buyer",813.13,0,0,0,0,0,0,1
"Customer713","Female","All.Organic",5920.83,1,1,1,0,1,1,0
"Customer714","Female","Coupon.Hunter",1142.32,1,0,0,0,0,0,0
"Customer715","Male","Party.Snacker",773.38,0,0,1,0,0,0,0
"Customer716","Male","Coupon.Hunter",491.21,1,0,0,0,0,0,0
"Customer717","Male","All.Organic",1937.29,0,0,0,0,1,0,0
"Customer718","Male","All.Organic",5026.34,0,0,0,1,1,1,1
"Customer719","Female","Brand.Buyer",3115.86,1,1,0,0,1,0,1
"Customer720","Female","Party.Snacker",824.9,0,0,1,0,0,0,0
"Customer721","Female","All.Organic",2453.94,0,0,1,0,1,0,0
"Customer722","Female","All.Organic",3632.94,1,1,1,0,1,0,0
"Customer723","Female","All.Organic",1008.28,0,0,0,0,1,0,0
"Customer724","Female","Brand.Buyer",640.18,0,0,0,0,0,0,1
"Customer725","Female","Party.Snacker",1255.06,0,0,1,0,0,0,0
"Customer726","Female","Coupon.Hunter",460.54,1,0,1,0,0,0,0
"Customer727","Male","Fast.and.Filling",3821.44,1,1,0,0,1,0,1
"Customer728","Male","Coupon.Hunter",854.24,1,0,0,0,0,0,0
"Customer729","Male","Gourmet.Focus",923.31,0,0,0,1,0,0,0
"Customer730","Male","Vegetarian",1047.61,0,0,0,0,0,1,0
"Customer731","Male","Fast.and.Filling",1821.06,0,1,0,0,0,0,0
"Customer732","Male","Gourmet.Focus",3046.06,1,1,1,1,0,0,1
"Customer733","Male","Brand.Buyer",2158.93,1,0,0,0,0,1,1
"Customer734","Female","Fast.and.Filling",3964.78,0,1,1,0,1,0,1
"Customer737","Female","All.Organic",3118.04,0,1,0,0,1,1,0
"Customer738","Female","Coupon.Hunter",1363.94,1,0,0,0,0,0,0
"Customer739","Female","All.Organic",1734.59,0,0,0,0,1,0,0
"Customer740","Female","Coupon.Hunter",665.66,1,0,0,0,0,0,0
"Customer741","Male","Party.Snacker",1399.04,1,0,1,0,0,0,0
"Customer742","Female","Fast.and.Filling",1347.35,1,1,0,0,0,0,1
"Customer743","Female","Coupon.Hunter",226.4,1,0,0,0,0,0,0
"Customer744","Male","Party.Snacker",1004.61,0,0,1,0,0,0,0
"Customer745","Female","Party.Snacker",2791.93,0,0,1,1,0,0,1
"Customer746","Male","Coupon.Hunter",953.63,1,1,0,0,0,0,0
"Customer747","Male","Fast.and.Filling",1678.2,0,1,0,0,0,0,0
"Customer749","Male","All.Organic",2276.44,0,0,0,0,1,0,0
"Customer750","Female","Coupon.Hunter",2120.87,1,1,0,0,0,0,0
"Customer752","Male","Party.Snacker",960.5,0,0,1,0,0,0,0
"Customer753","Female","Brand.Buyer",822.84,0,0,0,0,0,0,1
"Customer755","Female","Vegetarian",988.8,0,0,0,0,0,1,0
"Customer756","Male","Coupon.Hunter",1259.28,1,1,0,0,0,0,0
"Customer757","Male","All.Organic",2224.8,0,0,0,0,1,0,0
"Customer758","Female","Coupon.Hunter",900,1,0,0,0,0,0,0
"Customer759","Female","Gourmet.Focus",1769.51,0,0,0,1,0,0,0
"Customer760","Female","Party.Snacker",976.43,0,0,1,0,0,0,0
"Customer761","Female","All.Organic",1938.78,1,0,0,0,1,0,0
"Customer762","Female","Coupon.Hunter",1639.87,1,0,1,0,0,0,0
"Customer763","Male","All.Organic",1132.46,0,0,0,0,1,0,0
"Customer764","Male","Brand.Buyer",1600,0,0,0,0,0,0,1
"Customer765","Female","Coupon.Hunter",571.43,1,0,0,0,0,0,0
"Customer766","Male","Brand.Buyer",2186.84,1,0,1,0,0,0,1
"Customer768","Female","Party.Snacker",1375.43,0,0,1,0,0,0,1
"Customer769","Female","Coupon.Hunter",810,1,0,0,0,0,0,0
"Customer770","Male","Vegetarian",2778.55,0,0,1,0,1,1,0
"Customer771","Female","Coupon.Hunter",1957.27,1,0,0,1,0,0,0
"Customer772","Female","Gourmet.Focus",2765.14,0,1,0,1,0,0,0
"Customer773","Female","Fast.and.Filling",2376.92,0,1,1,0,0,0,0
"Customer774","Female","Vegetarian",990.68,0,0,0,0,0,1,0
"Customer775","Female","Vegetarian",1289.85,0,0,0,0,0,1,0
"Customer776","Female","Party.Snacker",414.87,0,0,1,0,0,0,0
"Customer777","Male","All.Organic",1517.4,0,0,0,0,1,0,0
"Customer778","Male","Party.Snacker",1166.95,0,0,1,0,0,1,0
"Customer779","Male","Gourmet.Focus",4384.5,1,0,0,1,1,0,0
"Customer780","Male","Coupon.Hunter",900,1,0,0,0,0,0,0
"Customer781","Male","Fast.and.Filling",1149.74,0,1,0,0,0,0,0
"Customer782","Male","Coupon.Hunter",1141.41,1,0,0,0,0,0,0
"Customer783","Female","All.Organic",2981.82,1,0,0,0,1,0,0
"Customer784","Male","Fast.and.Filling",2271.42,1,1,0,0,0,0,0
"Customer785","Female","Fast.and.Filling",350.27,0,1,0,0,0,0,0
"Customer786","Female","Vegetarian",996.24,0,0,0,0,0,1,0
"Customer787","Female","Gourmet.Focus",3296.35,0,0,1,1,0,0,0
"Customer788","Female","Gourmet.Focus",2100,0,0,0,1,0,0,0
"Customer789","Female","Brand.Buyer",2929.13,1,0,0,0,1,0,1
"Customer790","Female","Gourmet.Focus",832.15,0,0,0,1,0,0,0
"Customer791","Female","Vegetarian",943.19,0,0,0,0,0,1,0
"Customer792","Female","All.Organic",2691.42,1,0,1,0,1,0,0
"Customer793","Male","Party.Snacker",460.45,0,0,1,0,0,0,0
"Customer794","Female","Gourmet.Focus",2910.23,1,0,0,1,0,1,0
"Customer795","Female","All.Organic",3109.81,0,0,0,0,1,1,0
"Customer796","Male","Brand.Buyer",646.24,0,0,1,0,0,0,1
"Customer797","Female","Vegetarian",405.25,0,0,0,0,0,1,0
"Customer798","Male","Vegetarian",757.39,0,0,0,0,0,1,0
"Customer799","Male","Brand.Buyer",670.27,1,0,0,0,0,0,1
"Customer800","Female","Gourmet.Focus",3097.32,1,0,0,1,0,0,1
"Customer802","Female","Party.Snacker",948.78,0,0,1,0,0,0,0
"Customer803","Male","Coupon.Hunter",722.55,1,0,0,0,0,0,0
"Customer804","Female","Fast.and.Filling",3496.12,1,1,1,0,0,0,1
"Customer805","Male","Gourmet.Focus",2100,0,0,0,1,0,0,0
"Customer806","Male","Fast.and.Filling",2135.23,1,1,0,0,0,1,0
"Customer807","Female","Party.Snacker",931.86,0,0,1,0,0,0,0
"Customer808","Male","Brand.Buyer",945.28,0,0,1,0,0,0,1
"Customer809","Male","Brand.Buyer",1923.37,0,0,0,0,0,0,1
"Customer810","Female","Coupon.Hunter",856.65,1,0,0,0,0,0,0
"Customer811","Male","Vegetarian",2406.18,1,1,0,0,0,1,0
"Customer812","Female","Coupon.Hunter",458.89,1,0,0,0,0,0,0
"Customer813","Female","All.Organic",3242.23,0,0,0,0,1,1,1
"Customer814","Male","Party.Snacker",1675.16,1,0,1,0,0,0,0
"Customer815","Male","Coupon.Hunter",1218.16,1,0,0,0,0,0,0
"Customer816","Male","Party.Snacker",1430.34,0,0,1,0,0,0,0
"Customer817","Female","All.Organic",2322.6,0,0,1,0,1,0,0
"Customer818","Male","Coupon.Hunter",1164.96,1,0,0,0,0,0,0
"Customer819","Male","All.Organic",2811.29,0,0,0,0,1,0,1
"Customer820","Male","Fast.and.Filling",1267.16,0,1,0,0,0,0,0
"Customer821","Male","Coupon.Hunter",1473.78,1,0,1,0,0,0,0
"Customer822","Female","Fast.and.Filling",2123.06,1,1,0,0,0,0,0
"Customer824","Female","Vegetarian",2012.99,0,0,0,0,0,1,1
"Customer825","Male","Coupon.Hunter",696.62,1,0,0,0,0,0,0
"Customer826","Male","Party.Snacker",1074.05,0,0,1,0,0,0,0
"Customer827","Female","Party.Snacker",1150.78,1,0,1,0,0,0,0
"Customer828","Female","Coupon.Hunter",492.07,1,0,0,0,0,0,0
"Customer829","Female","Coupon.Hunter",675.16,1,0,0,0,0,0,0
"Customer830","Male","Coupon.Hunter",1549.14,1,0,0,0,0,0,0
"Customer831","Female","Brand.Buyer",2358.21,0,1,1,0,0,1,1
"Customer833","Female","Coupon.Hunter",489.35,1,0,0,0,0,0,0
"Customer834","Female","All.Organic",2470.75,0,0,1,0,1,0,0
"Customer836","Male","Coupon.Hunter",943.05,1,1,0,0,0,0,0
"Customer837","Male","Fast.and.Filling",2969.36,0,1,0,0,1,0,1
"Customer839","Female","Brand.Buyer",1260.43,0,0,0,0,0,0,1
"Customer840","Female","Brand.Buyer",2368.17,0,0,1,0,0,0,1
"Customer841","Male","Fast.and.Filling",3294.85,1,1,1,0,0,0,0
"Customer842","Male","Vegetarian",975.17,0,0,0,0,0,1,0
"Customer843","Male","Party.Snacker",276.2,0,0,1,0,0,0,0
"Customer845","Female","Party.Snacker",1636.64,1,0,1,0,0,0,0
"Customer846","Male","Brand.Buyer",2595.82,0,0,1,0,0,0,1
"Customer848","Male","Party.Snacker",1233.65,0,1,1,0,0,0,0
"Customer849","Male","Coupon.Hunter",952.25,1,0,0,0,0,0,0
"Customer850","Female","Gourmet.Focus",5259.43,0,1,1,1,0,0,1
"Customer851","Male","Party.Snacker",537.45,0,0,1,0,0,0,0
"Customer852","Female","Coupon.Hunter",1153.93,1,0,0,0,0,0,0
"Customer853","Male","Coupon.Hunter",1164.94,1,0,1,0,0,0,0
"Customer854","Male","Gourmet.Focus",571.52,0,0,0,1,0,0,0
"Customer855","Female","Party.Snacker",1300,0,0,1,0,0,0,0
"Customer856","Female","Vegetarian",901.49,0,0,0,0,0,1,0
"Customer858","Female","Party.Snacker",2236.72,1,0,1,0,0,1,0
"Customer860","Female","Coupon.Hunter",1293.26,1,1,1,0,0,0,0
"Customer861","Male","Fast.and.Filling",997.11,1,1,0,0,0,0,0
"Customer862","Female","Gourmet.Focus",5227.8,1,0,1,1,0,1,1
"Customer863","Female","Coupon.Hunter",722.8,1,0,0,0,0,0,0
"Customer864","Female","Party.Snacker",1230.52,0,0,1,0,0,0,0
"Customer865","Female","All.Organic",1279.69,0,0,0,0,1,0,0
"Customer867","Female","Party.Snacker",634.18,0,0,1,0,0,0,0
"Customer869","Female","Fast.and.Filling",2201.74,1,1,1,0,0,0,0
"Customer870","Male","Vegetarian",633.21,0,0,0,0,0,1,0
"Customer871","Female","Fast.and.Filling",3565.12,1,1,0,1,0,0,0
"Customer873","Male","Coupon.Hunter",1600,1,0,0,0,0,0,0
"Customer874","Female","Party.Snacker",550.43,1,0,1,0,0,0,0
"Customer875","Female","Fast.and.Filling",2355.78,1,1,0,0,1,0,0
"Customer876","Female","Coupon.Hunter",914.35,1,0,0,0,0,0,0
"Customer877","Female","Vegetarian",3283.64,1,1,0,0,0,1,0
"Customer878","Male","All.Organic",806.66,1,0,0,0,1,0,0
"Customer879","Male","All.Organic",4002.21,0,1,1,0,1,1,0
"Customer880","Female","Party.Snacker",2145.3,0,1,1,0,1,0,0
"Customer881","Male","Vegetarian",2288.59,1,0,0,0,0,1,0
"Customer882","Male","Brand.Buyer",1146.23,1,0,0,0,0,0,1
"Customer883","Female","Coupon.Hunter",1574.55,1,1,0,0,0,0,0
"Customer884","Male","Coupon.Hunter",901.9,1,0,0,0,0,0,0
"Customer885","Male","Gourmet.Focus",4362.02,0,0,0,1,0,1,1
"Customer886","Female","Gourmet.Focus",2732.52,1,0,0,1,0,0,0
"Customer887","Female","Party.Snacker",1543.14,1,0,1,0,0,0,0
"Customer888","Male","Coupon.Hunter",506.3,1,0,0,0,0,0,0
"Customer890","Female","Vegetarian",950,0,0,0,0,0,1,0
"Customer891","Female","All.Organic",2570.71,1,0,0,0,1,0,0
"Customer892","Female","All.Organic",2193.2,0,0,0,0,1,0,1
"Customer893","Male","Coupon.Hunter",865.27,1,0,0,0,0,0,0
"Customer894","Male","Brand.Buyer",1700,0,0,1,0,0,0,1
"Customer895","Male","Party.Snacker",1994.81,0,0,1,0,0,0,1
"Customer896","Male","Coupon.Hunter",259.47,1,0,0,0,0,0,0
"Customer897","Female","Party.Snacker",1076.06,1,0,1,0,0,0,0
"Customer898","Male","Coupon.Hunter",342.12,1,0,0,0,0,0,0
"Customer899","Female","All.Organic",1485.78,0,0,0,0,1,0,0
"Customer900","Male","Party.Snacker",719.75,0,0,1,0,0,0,0
"Customer901","Male","Fast.and.Filling",522.06,0,1,0,0,0,0,0
"Customer902","Female","Brand.Buyer",1343.18,0,0,0,0,0,0,1
"Customer903","Female","All.Organic",2351.64,0,0,0,0,1,0,0
"Customer904","Male","All.Organic",3029.91,0,1,0,0,1,0,0
"Customer905","Female","Party.Snacker",1338.42,1,0,1,0,0,0,0
"Customer906","Male","Coupon.Hunter",1147.69,1,0,0,0,0,0,0
"Customer907","Female","Gourmet.Focus",3538.15,1,1,0,1,0,0,0
"Customer908","Female","Coupon.Hunter",505.48,1,0,0,0,0,0,0
"Customer909","Male","Brand.Buyer",2385.63,1,0,0,0,0,0,1
"Customer910","Female","Coupon.Hunter",547.03,1,0,0,0,0,0,0
"Customer911","Female","Vegetarian",1229.95,1,0,0,0,0,1,0
"Customer912","Male","Fast.and.Filling",1910.07,0,1,0,0,0,0,0
"Customer913","Male","Brand.Buyer",3055.17,1,0,0,0,0,1,1
"Customer914","Female","Brand.Buyer",3030.68,1,1,1,0,0,0,1
"Customer915","Male","Fast.and.Filling",1019.36,0,1,0,0,0,0,0
"Customer916","Female","Gourmet.Focus",3025.52,0,0,1,1,0,0,0
"Customer917","Male","Gourmet.Focus",2326.07,0,0,1,1,0,0,0
"Customer918","Female","Party.Snacker",852.65,0,0,1,0,0,0,0
"Customer919","Female","Brand.Buyer",1851.03,0,1,0,0,0,0,1
"Customer920","Female","Brand.Buyer",1468.99,1,0,1,0,0,0,1
"Customer921","Female","Party.Snacker",975.17,0,0,1,0,0,0,0
"Customer923","Male","Vegetarian",1778.58,1,0,0,0,0,1,0
"Customer924","Female","Gourmet.Focus",1825.62,0,0,0,1,0,0,1
"Customer925","Male","Vegetarian",2090.37,0,0,0,1,0,1,0
"Customer926","Male","Party.Snacker",765.22,0,0,1,0,0,0,0
"Customer927","Male","All.Organic",700,0,0,0,0,1,0,0
"Customer931","Male","Coupon.Hunter",1507.12,1,0,0,0,0,0,0
"Customer932","Female","Fast.and.Filling",2229.85,0,1,0,0,0,0,1
"Customer934","Male","All.Organic",2292.88,0,0,0,0,1,1,0
"Customer935","Male","Gourmet.Focus",3616.95,1,0,0,1,0,1,1
"Customer936","Female","Vegetarian",2027.41,0,0,1,0,0,1,0
"Customer937","Male","Vegetarian",1922.37,1,0,1,0,0,1,0
"Customer938","Female","All.Organic",2435.53,1,1,0,0,1,0,1
"Customer939","Male","Party.Snacker",875.81,0,0,1,0,0,0,0
"Customer941","Male","Gourmet.Focus",1793.31,1,0,1,1,0,0,0
"Customer942","Male","Coupon.Hunter",1019.46,1,0,0,0,0,0,0
"Customer943","Male","All.Organic",2069.75,0,0,1,0,1,0,0
"Customer944","Female","All.Organic",3512.07,1,0,1,0,1,0,0
"Customer945","Female","Gourmet.Focus",2169.82,0,0,0,1,0,0,0
"Customer947","Male","All.Organic",2722.28,0,0,1,0,1,0,0
"Customer948","Male","Party.Snacker",1024.91,0,0,1,0,0,0,0
"Customer949","Female","Gourmet.Focus",2040.7,1,0,0,1,0,0,0
"Customer950","Male","Coupon.Hunter",465.4,1,0,0,0,0,0,0
"Customer951","Female","Brand.Buyer",1763.34,0,0,0,0,0,0,1
"Customer952","Male","Vegetarian",753.49,0,0,0,0,0,1,0
"Customer955","Female","All.Organic",2105,0,0,0,0,1,0,0
"Customer956","Female","Fast.and.Filling",860.46,1,1,0,0,0,0,0
"Customer957","Male","Vegetarian",1643.48,1,0,0,0,0,1,0
"Customer958","Male","Coupon.Hunter",1034.47,1,0,0,0,0,0,0
"Customer959","Male","Brand.Buyer",2879.49,1,0,0,0,0,1,1
"Customer960","Male","All.Organic",3614.92,1,0,1,0,1,0,1
"Customer961","Male","Brand.Buyer",1069.31,0,0,0,0,0,0,1
"Customer962","Female","Gourmet.Focus",4668.69,0,1,0,1,0,0,1
"Customer963","Female","Coupon.Hunter",1277.43,1,0,0,0,0,0,1
"Customer965","Male","Party.Snacker",1540.84,0,0,1,0,0,0,0
"Customer966","Female","Coupon.Hunter",510.94,1,0,0,0,0,0,0
"Customer968","Male","Party.Snacker",1840.16,1,0,1,0,0,0,0
"Customer969","Female","Party.Snacker",571.11,0,0,1,0,0,0,0
"Customer970","Female","Party.Snacker",1300,0,0,1,0,0,0,0
"Customer971","Female","Brand.Buyer",2112.3,0,0,0,0,0,1,1
"Customer972","Male","All.Organic",1546.46,0,0,1,0,1,0,0
"Customer973","Female","Vegetarian",1034.43,0,1,1,0,0,1,0
"Customer974","Female","Coupon.Hunter",746.98,1,0,0,0,0,0,0
"Customer975","Male","Fast.and.Filling",2913.81,1,1,0,0,0,1,0
"Customer976","Female","Brand.Buyer",1845.25,1,0,0,0,0,0,1
"Customer978","Female","Fast.and.Filling",3484.5,0,1,1,0,0,1,1
"Customer979","Female","All.Organic",2173.1,0,0,0,0,1,1,0
"Customer980","Male","Fast.and.Filling",1649.14,0,1,0,0,0,0,0
"Customer981","Male","Brand.Buyer",1584.24,0,0,0,0,0,0,1
"Customer982","Female","Coupon.Hunter",1265.67,1,1,0,0,0,0,0
"Customer983","Male","Brand.Buyer",1767.55,1,0,0,0,0,0,1
"Customer984","Female","All.Organic",3428.77,0,0,1,0,1,0,1
"Customer985","Male","Coupon.Hunter",208.49,1,0,0,0,0,0,0
"Customer986","Female","Brand.Buyer",1740.51,0,0,1,0,0,0,1
"Customer987","Male","All.Organic",1241.27,0,0,0,0,1,0,0
"Customer988","Male","Coupon.Hunter",1277.55,1,0,0,0,0,0,0
"Customer989","Female","Vegetarian",993.56,0,0,0,0,0,1,0
"Customer990","Male","All.Organic",1168.03,0,0,1,0,1,0,0
"Customer991","Male","Coupon.Hunter",1126.14,1,0,1,0,0,0,0
"Customer992","Male","Brand.Buyer",2498.65,1,0,1,0,0,0,1
"Customer993","Male","Coupon.Hunter",1561.35,1,0,0,0,0,0,1
"Customer994","Male","Party.Snacker",1080.45,0,0,1,0,0,0,0
"Customer995","Male","Fast.and.Filling",1984.1,0,1,0,0,0,0,0
"Customer997","Male","All.Organic",2888.65,0,0,1,0,1,0,0
"Customer998","Male","Fast.and.Filling",955.02,0,1,0,0,0,0,0
"Customer999","Female","All.Organic",1297.89,0,0,0,0,1,0,0
"Customer1001","Female","All.Organic",3424.47,1,0,1,0,1,0,0
"Customer1002","Female","Party.Snacker",1215.35,0,0,1,0,0,0,0
"Customer1003","Male","Brand.Buyer",2630.34,1,0,0,0,0,0,1
"Customer1005","Male","Brand.Buyer",2042.5,1,0,0,0,0,0,1
"Customer1006","Female","Coupon.Hunter",531.15,1,0,0,0,0,0,0
"Customer1007","Male","Vegetarian",2063.32,0,0,1,0,0,1,0
"Customer1008","Male","Brand.Buyer",4037.84,1,0,1,0,0,1,1
"Customer1009","Male","Party.Snacker",828.97,1,0,1,0,0,0,0
"Customer1011","Male","All.Organic",2655.99,0,0,1,0,1,1,0
"Customer1013","Male","Fast.and.Filling",1480.7,0,1,0,0,0,0,0
"Customer1014","Male","Fast.and.Filling",622.85,0,1,0,0,0,0,0
"Customer1015","Female","Brand.Buyer",1292.61,0,0,0,0,0,0,1
"Customer1016","Male","Coupon.Hunter",314,1,0,0,0,0,0,0
"Customer1017","Female","Party.Snacker",462.12,0,0,1,0,0,0,0
"Customer1018","Female","Gourmet.Focus",2494.5,1,0,1,1,0,0,0
"Customer1019","Female","All.Organic",3050.14,0,1,0,0,1,0,1
"Customer1020","Female","Fast.and.Filling",1984.19,0,1,0,0,0,0,1
"Customer1021","Female","Coupon.Hunter",847.23,1,0,0,0,0,0,0
"Customer1023","Female","Coupon.Hunter",1322.06,1,1,0,0,0,0,0
"Customer1024","Female","Party.Snacker",1423.81,0,0,1,0,0,0,0
"Customer1025","Female","Fast.and.Filling",3652.31,1,1,1,0,0,0,0
"Customer1026","Male","All.Organic",2318.62,0,0,0,0,1,0,1
"Customer1028","Female","Fast.and.Filling",1604.45,0,1,1,0,0,0,0
"Customer1029","Female","Coupon.Hunter",1724.81,1,0,0,0,1,0,0
"Customer1030","Male","Brand.Buyer",1182.99,0,0,0,0,0,0,1
"Customer1031","Male","All.Organic",5526.26,1,0,0,1,1,1,1
"Customer1032","Female","All.Organic",2825.01,0,0,0,0,1,0,0
"Customer1033","Male","Coupon.Hunter",739.19,1,0,0,0,0,0,0
"Customer1034","Female","Party.Snacker",799.3,0,0,1,0,0,0,0
"Customer1036","Female","Brand.Buyer",1680.23,1,0,1,0,0,0,1
"Customer1037","Female","All.Organic",2188.02,1,1,0,0,1,0,0
"Customer1039","Male","Coupon.Hunter",1526.23,1,1,0,0,0,0,0
"Customer1040","Female","Fast.and.Filling",2559.13,1,1,0,0,0,0,1
"Customer1042","Female","All.Organic",2461.61,0,0,0,0,1,0,0
"Customer1043","Female","Party.Snacker",1510.42,1,0,1,0,0,0,0
"Customer1044","Female","Brand.Buyer",2501.25,1,0,0,0,0,1,1
"Customer1045","Female","Brand.Buyer",939.69,0,0,0,0,0,0,1
"Customer1047","Female","Party.Snacker",1453.75,0,0,1,0,0,0,0
"Customer1048","Female","Coupon.Hunter",230.45,1,0,0,0,0,0,0
"Customer1049","Male","Brand.Buyer",3067.38,0,0,0,0,1,0,1
"Customer1050","Male","Fast.and.Filling",1362.68,1,1,0,0,0,0,0
"Customer1051","Male","Coupon.Hunter",1109.31,1,0,1,0,0,0,0
"Customer1053","Male","All.Organic",2217.46,0,0,0,1,1,0,0
"Customer1055","Female","Coupon.Hunter",713.01,1,0,0,0,0,0,0
"Customer1056","Male","Party.Snacker",1883.57,0,0,1,0,0,0,0
"Customer1058","Female","Vegetarian",1105.02,1,0,0,0,0,1,0
"Customer1059","Female","Fast.and.Filling",1687.63,0,1,0,0,0,0,1
"Customer1060","Female","Coupon.Hunter",1290.28,1,0,0,0,0,0,0
"Customer1061","Male","Brand.Buyer",1929.99,0,0,0,0,0,1,1
"Customer1062","Male","Brand.Buyer",858.76,1,0,0,0,0,1,1
"Customer1064","Male","Fast.and.Filling",3019.75,0,1,1,0,1,0,0
"Customer1066","Female","Party.Snacker",1978.32,0,0,1,0,0,0,0
"Customer1067","Female","Party.Snacker",612.49,0,0,1,0,0,0,0
"Customer1069","Male","Party.Snacker",1743.34,0,0,1,0,1,0,0
"Customer1070","Male","All.Organic",1610.33,0,1,0,0,1,0,0
"Customer1072","Female","Brand.Buyer",1738.86,1,0,0,0,0,0,1
"Customer1073","Female","All.Organic",3453.93,0,0,1,0,1,0,1
"Customer1074","Male","All.Organic",2729.38,1,0,0,0,1,0,1
"Customer1075","Male","Fast.and.Filling",625.69,0,1,0,0,0,0,0
"Customer1076","Female","Party.Snacker",413.83,0,0,1,0,0,0,0
"Customer1077","Male","Fast.and.Filling",2594.9,0,1,1,0,0,0,1
"Customer1078","Female","Coupon.Hunter",739.44,1,0,0,0,0,0,0
"Customer1079","Male","Gourmet.Focus",2503.42,0,1,0,1,0,0,0
"Customer1080","Male","Brand.Buyer",830.59,0,0,0,0,0,0,1
"Customer1082","Female","Vegetarian",1596.16,1,1,0,0,0,1,0
"Customer1083","Male","All.Organic",4050.86,0,1,0,0,1,0,0
"Customer1085","Male","Coupon.Hunter",500.55,1,0,0,0,0,0,0
"Customer1087","Female","Party.Snacker",600.06,0,0,1,0,0,0,0
"Customer1088","Male","Coupon.Hunter",826.82,1,0,0,0,0,0,0
"Customer1090","Male","Brand.Buyer",1792.63,1,0,0,0,0,0,1
"Customer1091","Female","All.Organic",2473.19,0,1,0,0,1,0,0
"Customer1092","Male","Fast.and.Filling",1500,0,1,0,0,0,0,0
"Customer1094","Male","Brand.Buyer",609.67,0,0,0,0,0,0,1
"Customer1095","Male","Vegetarian",894.15,1,0,0,0,0,1,0
"Customer1096","Female","Party.Snacker",2123.46,1,0,1,0,0,0,0
"Customer1098","Male","Coupon.Hunter",679.31,1,0,0,0,0,0,0
"Customer1099","Male","Party.Snacker",1951.99,1,0,1,0,0,0,0
"Customer1101","Female","All.Organic",3067.97,1,0,0,0,1,0,1
"Customer1102","Female","Gourmet.Focus",1349.3,0,0,0,1,0,0,0
"Customer1103","Male","Gourmet.Focus",1820.99,1,0,0,1,0,0,0
"Customer1104","Male","Fast.and.Filling",1697.55,0,1,0,0,0,0,0
"Customer1105","Male","Brand.Buyer",2388.53,1,0,0,0,0,0,1
"Customer1106","Female","Fast.and.Filling",1756.17,0,1,0,0,0,1,1
"Customer1107","Female","Fast.and.Filling",3667.87,1,1,1,0,0,0,1
"Customer1108","Male","Brand.Buyer",2279.35,1,0,0,0,0,0,1
"Customer1109","Male","Gourmet.Focus",3004.84,1,0,0,1,0,0,0
"Customer1110","Male","Fast.and.Filling",2630.48,1,1,1,0,0,1,0
"Customer1111","Male","Brand.Buyer",1413.15,0,0,0,0,0,0,1
"Customer1112","Male","Vegetarian",1068.72,1,0,0,0,0,1,0
"Customer1113","Male","Party.Snacker",1133.74,0,0,1,0,0,1,0
"Customer1114","Female","Party.Snacker",1535.48,1,0,1,0,0,0,0
"Customer1115","Female","Party.Snacker",1449.78,0,0,1,0,0,0,0
"Customer1116","Male","Vegetarian",1526.82,0,0,0,0,0,1,0
"Customer1119","Male","Brand.Buyer",1455.47,0,0,0,0,0,0,1
"Customer1120","Male","Gourmet.Focus",1830.17,0,0,0,1,0,1,0
"Customer1121","Female","Fast.and.Filling",2613.38,0,1,0,1,0,0,0
"Customer1122","Male","Coupon.Hunter",823.57,1,0,0,0,0,0,0
"Customer1123","Female","Coupon.Hunter",1600,1,0,0,0,0,0,0
"Customer1125","Male","All.Organic",4960.28,0,1,0,1,1,0,0
"Customer1127","Female","Vegetarian",1879.01,0,0,1,0,0,1,0
"Customer1128","Female","Gourmet.Focus",1809.62,1,0,0,1,0,0,0
"Customer1129","Female","Vegetarian",1216.56,0,0,0,0,0,1,0
"Customer1130","Male","Fast.and.Filling",3234.46,1,1,1,0,0,0,0
"Customer1131","Male","Brand.Buyer",2941.98,0,0,1,0,0,1,1
"Customer1133","Male","Gourmet.Focus",2390.18,1,0,1,1,0,0,0
"Customer1134","Female","Vegetarian",1544.09,0,0,0,0,0,1,0
"Customer1135","Female","Fast.and.Filling",1500,0,1,0,0,0,0,0
"Customer1136","Male","Brand.Buyer",1789.05,1,0,0,0,0,0,1
"Customer1137","Male","Party.Snacker",1183.65,1,0,1,0,0,0,0
"Customer1138","Female","Vegetarian",699.67,0,0,0,0,0,1,0
"Customer1139","Female","Coupon.Hunter",1179.5,1,0,0,0,0,0,0
"Customer1140","Male","Vegetarian",634.56,0,0,0,0,0,1,0
"Customer1141","Female","Fast.and.Filling",947.03,1,1,0,0,0,0,0
"Customer1142","Male","All.Organic",2631.43,1,0,0,0,1,0,1
"Customer1143","Male","Fast.and.Filling",490.49,1,1,0,0,0,0,0
"Customer1144","Female","Coupon.Hunter",712.5,1,0,0,0,0,0,0
"Customer1145","Female","Coupon.Hunter",1411.98,1,0,0,0,0,0,1
"Customer1148","Female","Brand.Buyer",918.9,0,0,0,0,0,0,1
"Customer1149","Male","Party.Snacker",900,0,0,1,0,0,0,0
"Customer1150","Female","All.Organic",2834.34,1,1,1,0,1,0,0
"Customer1151","Male","All.Organic",1162.38,0,0,0,0,1,0,0
"Customer1152","Male","Fast.and.Filling",3499.09,1,1,1,0,0,1,0
"Customer1153","Male","Brand.Buyer",2527.29,1,1,0,0,0,0,1
"Customer1155","Female","Brand.Buyer",3204.31,1,0,1,0,0,0,1
"Customer1156","Female","Fast.and.Filling",2510.2,0,1,0,0,1,0,0
"Customer1157","Female","Gourmet.Focus",2457.61,1,1,0,1,0,0,0
"Customer1159","Male","Brand.Buyer",1888.58,0,1,0,0,0,0,1
"Customer1160","Female","Brand.Buyer",782.82,0,0,0,0,0,0,1
"Customer1161","Male","All.Organic",1616.16,0,0,0,0,1,0,0
"Customer1162","Male","Gourmet.Focus",1873.94,0,0,0,1,0,0,0
"Customer1163","Female","Brand.Buyer",1453.84,1,0,0,0,0,0,1
"Customer1164","Male","Party.Snacker",751.08,0,0,1,0,0,0,0
"Customer1165","Female","Brand.Buyer",2346.63,0,0,1,0,0,0,1
"Customer1166","Female","Vegetarian",2118.49,0,0,0,1,0,1,0
"Customer1167","Female","Brand.Buyer",1924.02,1,0,1,0,0,0,1
"Customer1168","Female","Gourmet.Focus",1852.71,0,0,0,1,0,0,0
"Customer1169","Male","Party.Snacker",728.26,0,0,1,0,0,0,0
"Customer1172","Male","Coupon.Hunter",1180.69,1,0,0,0,0,0,0
"Customer1173","Male","All.Organic",2717.94,1,0,0,0,1,1,0
"Customer1174","Male","Vegetarian",1300,0,0,0,0,0,1,0
"Customer1177","Female","Brand.Buyer",711.26,0,0,0,0,0,0,1
"Customer1178","Male","Party.Snacker",3368.23,1,1,1,0,0,0,0
"Customer1179","Male","Party.Snacker",904.47,0,0,1,0,0,0,0
"Customer1181","Female","Party.Snacker",448.17,0,0,1,0,0,0,0
"Customer1182","Female","Fast.and.Filling",2711.23,0,1,0,0,0,0,1
"Customer1183","Female","Brand.Buyer",1988.99,1,1,0,0,0,0,1
"Customer1185","Male","Fast.and.Filling",966.65,0,1,0,0,0,0,0
"Customer1186","Male","Coupon.Hunter",1587.61,1,1,0,0,0,0,0
"Customer1187","Male","Coupon.Hunter",1164.91,1,0,0,0,0,0,0
"Customer1188","Male","Brand.Buyer",3556.61,1,1,0,0,0,0,1
"Customer1189","Female","All.Organic",2606.79,0,0,0,0,1,0,0
"Customer1191","Female","Gourmet.Focus",3944.17,1,0,0,1,1,1,0
"Customer1193","Female","Coupon.Hunter",110,1,0,0,0,0,0,0
"Customer1194","Female","Gourmet.Focus",2545.76,1,0,0,1,0,0,0
"Customer1195","Male","All.Organic",2971.64,1,0,1,0,1,0,1
"Customer1196","Female","Coupon.Hunter",680.69,1,0,0,0,0,0,0
"Customer1197","Female","Party.Snacker",2572.05,0,1,1,0,0,1,0
"Customer1198","Male","All.Organic",3555.08,0,0,0,0,1,0,1
"Customer1200","Male","Party.Snacker",724.52,0,0,1,0,0,0,0
"Customer1201","Female","Party.Snacker",1250.13,0,0,1,0,0,1,0
"Customer1202","Male","Party.Snacker",1485.06,0,0,1,0,1,0,0
"Customer1203","Female","Brand.Buyer",1372.34,0,0,0,0,0,0,1
"Customer1204","Female","Vegetarian",2345.05,0,0,1,0,0,1,0
"Customer1205","Female","Fast.and.Filling",3100,1,1,1,0,0,0,0
"Customer1206","Male","Party.Snacker",426.29,0,0,1,0,0,0,0
"Customer1207","Female","Party.Snacker",625.02,0,0,1,0,0,0,0
"Customer1208","Female","All.Organic",1447.7,0,0,0,0,1,0,0
"Customer1209","Male","Coupon.Hunter",921.22,1,0,0,0,0,0,0
"Customer1210","Male","All.Organic",1957,0,0,0,0,1,0,0
"Customer1211","Male","Party.Snacker",3531.62,0,1,1,1,1,0,0
"Customer1212","Female","Fast.and.Filling",547.87,0,1,0,0,0,0,0
"Customer1213","Female","Gourmet.Focus",1196.09,0,0,0,1,0,1,0
"Customer1214","Male","All.Organic",4315.04,1,0,0,1,1,0,1
"Customer1215","Female","Party.Snacker",1237.38,0,0,1,0,0,0,0
"Customer1218","Male","Fast.and.Filling",1403.39,0,1,1,0,0,0,0
"Customer1219","Male","Fast.and.Filling",1933.29,0,1,1,0,0,0,0
"Customer1222","Female","Coupon.Hunter",1058.17,1,0,0,0,0,0,0
"Customer1223","Male","Brand.Buyer",2235.61,1,0,0,0,0,0,1
"Customer1224","Male","Party.Snacker",1342.95,1,0,1,0,0,0,0
"Customer1225","Female","Fast.and.Filling",2495.85,1,1,0,0,0,0,1
"Customer1226","Male","All.Organic",2283.04,1,0,0,0,1,0,0
"Customer1228","Male","Coupon.Hunter",1106.84,1,0,0,0,0,0,0
"Customer1229","Female","All.Organic",1538.32,0,0,1,0,1,0,0
"Customer1230","Male","All.Organic",1719.16,0,0,0,0,1,0,0
"Customer1231","Male","Fast.and.Filling",3785.16,1,1,1,0,0,1,0
"Customer1232","Male","Gourmet.Focus",3724.95,1,0,1,1,0,0,1
"Customer1233","Female","All.Organic",2806.18,0,0,0,0,1,0,0
"Customer1234","Male","All.Organic",2248.67,0,0,0,0,1,1,0
"Customer1235","Female","Brand.Buyer",1794.39,1,0,0,0,0,0,1
"Customer1236","Female","Brand.Buyer",3709.15,0,0,1,1,0,0,1
"Customer1237","Male","Party.Snacker",3633.72,0,0,1,0,1,1,0
"Customer1238","Male","Vegetarian",726.33,0,1,0,0,0,1,0
"Customer1239","Female","Brand.Buyer",1600,0,0,0,0,0,0,1
"Customer1240","Male","Brand.Buyer",1897.38,1,0,0,0,0,0,1
"Customer1241","Male","Gourmet.Focus",4580.86,1,0,1,1,0,0,1
"Customer1242","Male","Fast.and.Filling",2376.25,1,1,0,0,0,0,0
"Customer1243","Female","Party.Snacker",436.23,0,0,1,0,0,0,0
"Customer1244","Female","Coupon.Hunter",826.27,1,0,0,0,0,0,0
"Customer1245","Female","All.Organic",3321.59,0,0,1,0,1,1,0
"Customer1246","Female","Fast.and.Filling",2284.34,1,1,0,0,0,0,0
"Customer1247","Female","Gourmet.Focus",2158.8,0,0,1,1,0,0,0
"Customer1248","Female","Brand.Buyer",4649.61,0,1,1,0,0,1,1
"Customer1249","Female","Gourmet.Focus",2360.99,0,0,0,1,0,0,1
"Customer1250","Female","Party.Snacker",1565.43,1,0,1,0,0,0,0
"Customer1251","Female","Gourmet.Focus",1520.32,0,0,0,1,0,0,0
"Customer1252","Male","Gourmet.Focus",753.04,0,0,1,1,0,0,0
"Customer1253","Male","Fast.and.Filling",2389.05,0,1,0,1,0,0,0
"Customer1254","Female","Coupon.Hunter",1084.62,1,0,0,0,0,0,0
"Customer1255","Male","Coupon.Hunter",1161.43,1,1,0,0,0,0,0
"Customer1256","Male","Party.Snacker",1151.01,1,0,1,0,0,0,1
"Customer1257","Male","Coupon.Hunter",873.71,1,0,0,0,0,0,0
"Customer1258","Female","Coupon.Hunter",1502.77,1,1,0,0,0,0,0
"Customer1259","Male","Party.Snacker",735.24,0,0,1,0,0,0,0
"Customer1260","Male","Gourmet.Focus",2100,0,0,0,1,0,0,0
"Customer1261","Female","Brand.Buyer",509.02,0,0,0,0,0,0,1
"Customer1262","Male","Vegetarian",482.74,1,0,1,0,0,1,0
"Customer1263","Male","Fast.and.Filling",2470.84,1,1,0,0,0,1,0
"Customer1264","Male","All.Organic",2426.23,1,0,0,0,1,0,0
"Customer1265","Female","Vegetarian",1556.68,0,0,0,1,0,1,0
"Customer1267","Male","Brand.Buyer",2431.49,1,0,1,0,0,0,1
"Customer1269","Female","Coupon.Hunter",605.26,1,0,0,0,0,0,0
"Customer1270","Female","Gourmet.Focus",1675.81,1,0,0,1,0,0,0
"Customer1271","Female","Party.Snacker",1008.82,0,0,1,0,0,0,0
"Customer1272","Female","Brand.Buyer",2658.44,1,1,0,0,0,0,1
"Customer1273","Male","Coupon.Hunter",784.17,1,0,0,0,0,0,0
"Customer1275","Male","All.Organic",1263.31,0,0,0,0,1,0,0
"Customer1276","Female","Brand.Buyer",938.68,0,0,0,0,0,1,1
"Customer1277","Female","Party.Snacker",1662.09,1,1,1,0,0,0,0
"Customer1278","Female","Vegetarian",556.37,0,0,0,0,0,1,0
"Customer1279","Female","Coupon.Hunter",726.83,1,0,0,0,0,0,0
"Customer1280","Male","Fast.and.Filling",300,0,1,0,0,0,0,0
"Customer1281","Female","All.Organic",3394.93,1,0,0,0,1,0,1
"Customer1282","Female","Gourmet.Focus",1830.73,0,0,0,1,0,0,0
"Customer1283","Female","Gourmet.Focus",3857.25,0,0,1,1,0,1,1
"Customer1284","Female","Brand.Buyer",1178.37,1,0,0,0,0,0,1
"Customer1285","Male","Fast.and.Filling",4077.17,0,1,1,0,1,1,1
"Customer1287","Male","All.Organic",3058.05,0,0,0,0,1,0,0
"Customer1288","Male","Gourmet.Focus",2278.41,0,0,1,1,0,0,0
"Customer1289","Female","Vegetarian",991.89,1,0,0,0,0,1,0
"Customer1290","Male","All.Organic",3498.01,1,0,0,0,1,0,1
"Customer1292","Female","Coupon.Hunter",669.87,1,0,0,0,0,0,0
"Customer1293","Male","Fast.and.Filling",1914.37,0,1,0,0,0,0,0
"Customer1294","Male","All.Organic",2135.32,0,0,0,0,1,0,0
"Customer1295","Female","All.Organic",1369.83,1,0,1,0,1,0,0
"Customer1297","Male","Gourmet.Focus",1597.7,1,0,0,1,0,0,0
"Customer1298","Female","Coupon.Hunter",1419.31,1,1,0,0,0,0,0
"Customer1300","Male","Brand.Buyer",3475.77,0,1,0,0,0,0,1
"Customer1302","Female","Vegetarian",2088.96,1,0,0,0,0,1,0
"Customer1303","Female","Party.Snacker",619.54,0,0,1,0,0,0,0
"Customer1304","Male","Fast.and.Filling",1782.45,0,1,0,0,0,0,0
"Customer1305","Male","Coupon.Hunter",1239.18,1,0,0,0,0,0,0
"Customer1306","Male","All.Organic",2660.03,0,0,0,0,1,1,0
"Customer1307","Female","Coupon.Hunter",900,1,0,0,0,0,0,0
"Customer1308","Female","Gourmet.Focus",971.39,1,0,0,1,0,0,0
"Customer1311","Female","Party.Snacker",1919.82,1,0,1,0,0,1,1
"Customer1312","Female","Gourmet.Focus",1542.48,1,0,0,1,0,0,0
"Customer1313","Female","Gourmet.Focus",3331.19,1,0,0,1,0,0,1
"Customer1315","Female","Brand.Buyer",1157.65,0,0,0,0,0,0,1
"Customer1316","Male","Coupon.Hunter",1552.45,1,0,1,0,0,0,0
"Customer1317","Male","Fast.and.Filling",1687.89,0,1,0,0,0,0,0
"Customer1319","Female","Brand.Buyer",1259.37,1,0,0,0,0,0,1
"Customer1320","Female","Party.Snacker",779.59,0,0,1,0,0,0,0
"Customer1322","Female","Fast.and.Filling",2164.54,1,1,0,0,0,1,1
"Customer1323","Female","Party.Snacker",552.47,1,0,1,0,0,0,0
"Customer1324","Female","Brand.Buyer",3787.62,1,0,0,1,0,1,1
"Customer1325","Male","Coupon.Hunter",1019.08,1,0,0,0,0,0,0
"Customer1326","Male","All.Organic",3661.81,0,0,0,0,1,0,1
"Customer1330","Female","Coupon.Hunter",1029.37,1,0,1,0,0,0,0
"Customer1331","Female","Brand.Buyer",1185.5,0,1,0,0,0,0,1
"Customer1332","Male","Gourmet.Focus",4221.71,1,1,0,1,0,0,0
"Customer1333","Male","All.Organic",1366.65,0,0,0,0,1,0,0
"Customer1334","Female","All.Organic",3684.41,1,0,1,0,1,0,1
"Customer1335","Male","Coupon.Hunter",1008.24,1,0,0,0,0,0,0
"Customer1336","Female","Coupon.Hunter",471.61,1,0,0,0,0,0,0
"Customer1337","Female","Brand.Buyer",1379.71,1,0,0,0,0,0,1
"Customer1338","Female","Gourmet.Focus",2567.12,1,0,1,1,0,0,0
"Customer1339","Female","Fast.and.Filling",2575.29,1,1,1,0,0,0,1
"Customer1340","Female","Brand.Buyer",1986,0,0,0,0,0,0,1
"Customer1341","Male","All.Organic",2382.98,1,0,1,0,1,0,0
"Customer1342","Female","Vegetarian",2126.49,1,0,0,0,0,1,0
"Customer1343","Male","Brand.Buyer",2279.02,1,0,1,0,0,0,1
"Customer1344","Male","Party.Snacker",987.14,0,0,1,0,0,0,0
"Customer1345","Female","Coupon.Hunter",722.21,1,0,0,0,0,0,0
"Customer1346","Female","Brand.Buyer",1023.79,1,1,0,0,0,0,1
"Customer1347","Male","Coupon.Hunter",1123.37,1,0,0,0,0,0,0
"Customer1348","Female","Brand.Buyer",1122.18,1,0,0,0,0,0,1
"Customer1349","Female","Party.Snacker",1173.38,0,0,1,0,0,0,0
"Customer1350","Male","Brand.Buyer",1386.97,0,0,1,0,0,0,1
"Customer1351","Male","Coupon.Hunter",565.12,1,0,0,0,0,0,0
"Customer1352","Female","Coupon.Hunter",1142.65,1,0,0,0,0,0,0
"Customer1353","Female","All.Organic",2913.24,1,0,0,0,1,0,0
"Customer1355","Male","All.Organic",2709.29,0,0,1,0,1,0,0
"Customer1356","Female","Brand.Buyer",2872.34,0,0,0,0,1,0,1
"Customer1357","Male","Fast.and.Filling",905.71,0,1,0,0,0,0,0
"Customer1358","Male","Brand.Buyer",1799.73,0,0,1,0,0,0,1
"Customer1359","Male","Party.Snacker",1326.01,0,0,1,0,0,0,0
"Customer1362","Female","Coupon.Hunter",1730.92,1,0,0,0,0,1,0
"Customer1363","Female","Vegetarian",971.22,0,0,0,0,0,1,0
"Customer1366","Female","Party.Snacker",1385.96,1,0,1,0,0,0,0
"Customer1367","Male","Brand.Buyer",2546.22,0,0,1,0,0,1,1
"Customer1368","Male","All.Organic",1237.29,0,0,0,0,1,0,0
"Customer1369","Male","All.Organic",2549.14,1,0,0,0,1,0,0
"Customer1371","Male","Coupon.Hunter",890.83,1,0,0,0,0,0,0
"Customer1372","Female","Brand.Buyer",1642.44,0,0,0,0,0,0,1
"Customer1373","Male","Fast.and.Filling",1365.17,1,1,0,0,0,0,0
"Customer1374","Female","Brand.Buyer",2228.58,1,0,0,0,0,0,1
"Customer1375","Male","All.Organic",1361.84,0,0,0,0,1,0,0
"Customer1376","Male","Fast.and.Filling",2507.6,1,1,0,0,0,0,1
"Customer1379","Female","Brand.Buyer",566.78,0,0,0,0,0,0,1
"Customer1381","Male","Party.Snacker",1476.84,1,1,1,0,0,0,0
"Customer1382","Female","Fast.and.Filling",1590.63,0,1,0,0,0,0,0
"Customer1383","Male","Brand.Buyer",2776.36,1,0,0,0,1,0,1
"Customer1384","Female","Brand.Buyer",1264.7,0,0,0,0,0,0,1
"Customer1385","Female","Brand.Buyer",637.62,1,0,0,0,0,0,1
"Customer1386","Male","Brand.Buyer",3245.6,0,1,1,0,0,0,1
"Customer1387","Male","All.Organic",1715.01,0,0,0,0,1,0,0
"Customer1388","Female","Vegetarian",1050.46,1,0,0,0,0,1,0
"Customer1389","Male","Fast.and.Filling",1858.93,0,1,0,0,0,0,0
"Customer1390","Male","Gourmet.Focus",2964.8,0,0,0,1,0,0,1
"Customer1391","Male","Party.Snacker",1075.93,1,0,1,0,0,0,0
"Customer1392","Female","Brand.Buyer",3030.75,1,1,0,0,0,0,1
"Customer1393","Female","Party.Snacker",883.69,0,0,1,0,0,0,0
"Customer1395","Male","Vegetarian",3068.84,1,0,1,0,0,1,0
"Customer1396","Female","Party.Snacker",1859.19,0,0,1,0,1,0,0
"Customer1397","Female","All.Organic",2740.6,1,0,0,0,1,1,0
"Customer1398","Female","Gourmet.Focus",3556.89,1,0,1,1,0,0,0
"Customer1399","Male","All.Organic",1528.29,0,1,0,0,1,0,0
"Customer1400","Male","Coupon.Hunter",1462.1,1,0,0,0,1,0,0
"Customer1401","Female","Fast.and.Filling",2187.75,0,1,0,0,0,0,0
"Customer1402","Female","Party.Snacker",200,0,0,1,0,0,0,0
"Customer1403","Male","Brand.Buyer",848.19,0,0,0,0,0,0,1
"Customer1404","Male","Coupon.Hunter",821.04,1,0,0,0,0,0,0
"Customer1406","Male","Brand.Buyer",3487.12,0,0,1,0,0,1,1
"Customer1408","Male","Party.Snacker",1619.26,1,0,1,0,0,0,0
"Customer1409","Male","Party.Snacker",507.24,0,0,1,0,0,0,0
"Customer1411","Male","Coupon.Hunter",2304.11,1,1,0,0,0,0,1
"Customer1412","Female","Brand.Buyer",1454.56,0,0,0,0,0,0,1
"Customer1414","Female","Vegetarian",1829.32,1,0,0,0,0,1,0
"Customer1416","Female","Vegetarian",1361.84,1,0,0,0,0,1,0
"Customer1417","Female","Party.Snacker",1567.61,1,1,1,0,0,0,0
"Customer1418","Male","Party.Snacker",1799.74,0,0,1,0,0,0,0
"Customer1419","Male","All.Organic",1684.81,0,0,1,0,1,0,0
"Customer1420","Female","Brand.Buyer",643.09,0,0,0,0,0,1,1
"Customer1422","Male","Gourmet.Focus",3143.91,1,0,1,1,0,1,0
"Customer1423","Female","Coupon.Hunter",828.05,1,0,0,0,0,0,1
"Customer1424","Male","Coupon.Hunter",552.59,1,0,0,0,0,0,0
"Customer1425","Male","Fast.and.Filling",1393.38,0,1,0,0,0,0,0
"Customer1426","Female","Brand.Buyer",1500.19,0,1,0,0,0,0,1
"Customer1427","Female","All.Organic",5723.09,1,0,1,0,1,0,1
"Customer1429","Female","All.Organic",2229.64,0,0,1,0,1,0,0
"Customer1430","Male","Coupon.Hunter",453.2,1,0,0,0,0,0,0
"Customer1431","Male","Vegetarian",898.5,0,0,1,0,0,1,0
"Customer1432","Female","All.Organic",2148.35,0,0,1,0,1,0,1
"Customer1433","Female","Coupon.Hunter",641.79,1,0,0,0,0,0,0
"Customer1434","Male","Party.Snacker",707.68,0,0,1,0,0,0,0
"Customer1435","Female","Coupon.Hunter",877.61,1,0,0,0,0,0,0
"Customer1436","Female","Party.Snacker",2651.76,1,0,1,0,0,1,0
"Customer1437","Female","Party.Snacker",1115.25,0,0,1,0,0,0,0
"Customer1439","Male","Coupon.Hunter",1008.96,1,0,0,0,0,0,0
"Customer1440","Female","Fast.and.Filling",1734.68,1,1,0,0,0,0,0
"Customer1441","Female","Vegetarian",1618.62,0,1,0,0,0,1,0
"Customer1442","Female","Brand.Buyer",1538.85,0,0,1,0,0,0,1
"Customer1443","Male","All.Organic",2345.87,1,0,0,0,1,0,0
"Customer1444","Female","Brand.Buyer",1787.32,0,0,1,0,0,0,1
"Customer1445","Male","Brand.Buyer",1192.17,0,0,0,0,0,0,1
"Customer1446","Female","Party.Snacker",1057.9,0,0,1,0,0,0,0
"Customer1447","Male","All.Organic",3416.53,1,0,1,0,1,0,1
"Customer1448","Female","Party.Snacker",2228.53,1,0,1,0,0,1,0
"Customer1449","Male","Fast.and.Filling",574.47,0,1,0,0,0,0,0
"Customer1450","Male","Party.Snacker",846.63,0,0,1,0,0,0,0
"Customer1451","Male","All.Organic",3450.4,1,0,0,0,1,0,1
"Customer1452","Female","Brand.Buyer",2135.23,0,1,0,0,0,1,1
"Customer1453","Male","Vegetarian",2948.24,0,1,1,0,0,1,1
"Customer1454","Male","All.Organic",1205.13,0,0,0,0,1,0,0
"Customer1456","Male","Coupon.Hunter",1519.93,1,0,0,0,0,0,1
"Customer1457","Female","Vegetarian",1222.1,0,0,0,0,0,1,0
"Customer1458","Male","Fast.and.Filling",792.97,0,1,0,0,0,0,0
"Customer1459","Male","Party.Snacker",1294.81,0,1,1,0,0,0,0
"Customer1460","Female","Brand.Buyer",414.67,1,0,0,0,0,0,1
"Customer1461","Male","All.Organic",869.5,0,0,0,0,1,0,0
"Customer1462","Male","Gourmet.Focus",2901.97,1,0,0,1,1,0,0
"Customer1463","Male","All.Organic",853.37,1,0,0,0,1,0,0
"Customer1464","Male","Vegetarian",593.63,0,0,0,0,0,1,0
"Customer1465","Female","Coupon.Hunter",347.38,1,0,1,0,0,0,0
"Customer1467","Female","Party.Snacker",568.79,0,1,1,0,0,0,0
"Customer1469","Male","Fast.and.Filling",1383.1,0,1,0,0,0,0,0
"Customer1470","Male","Vegetarian",1386.87,0,0,1,0,0,1,0
"Customer1471","Female","Gourmet.Focus",2870.34,0,1,0,1,0,0,0
"Customer1472","Male","Brand.Buyer",1149.94,0,0,0,0,0,0,1
"Customer1473","Male","Party.Snacker",1590.35,0,0,1,0,0,0,0
"Customer1474","Male","Party.Snacker",693.81,0,0,1,0,0,0,0
"Customer1475","Female","Coupon.Hunter",1002.35,1,0,0,0,0,0,0
"Customer1476","Male","Fast.and.Filling",1764.86,0,1,0,0,1,0,0
"Customer1477","Male","Coupon.Hunter",299.7,1,0,0,0,0,0,0
"Customer1478","Female","Coupon.Hunter",820.71,1,0,1,0,0,0,0
"Customer1479","Male","Party.Snacker",1499.3,0,0,1,0,0,0,0
"Customer1480","Female","Coupon.Hunter",794.65,1,0,1,0,0,0,0
"Customer1481","Female","Coupon.Hunter",1508.43,1,0,0,0,0,0,0
"Customer1485","Male","Party.Snacker",2032.22,1,1,1,0,0,0,0
"Customer1486","Male","All.Organic",2498.55,0,0,0,0,1,0,0
"Customer1487","Male","All.Organic",1834.62,0,0,0,0,1,0,0
"Customer1488","Male","All.Organic",3823.2,1,0,1,0,1,0,0
"Customer1489","Male","Party.Snacker",1056.86,1,0,1,0,0,0,0
"Customer1490","Male","Vegetarian",1398.68,0,0,0,0,0,1,0
"Customer1491","Male","Party.Snacker",850.84,1,0,1,0,0,0,0
"Customer1492","Male","Party.Snacker",1410.72,1,0,1,0,0,0,0
"Customer1493","Male","All.Organic",3482.61,0,0,1,0,1,0,1
"Customer1494","Female","Vegetarian",1300,0,0,0,0,0,1,0
"Customer1496","Male","Coupon.Hunter",860.89,1,0,0,0,0,0,0
"Customer1497","Male","Party.Snacker",1565.14,0,1,1,0,0,0,0
"Customer1498","Male","Fast.and.Filling",1621.83,1,1,0,0,0,0,0
"Customer1500","Female","Fast.and.Filling",1693.16,0,1,0,0,0,0,0
"Customer1501","Male","All.Organic",1971.62,0,0,1,0,1,0,0
"Customer1502","Female","Brand.Buyer",411.24,0,0,0,0,0,0,1
"Customer1503","Male","Party.Snacker",737.58,0,1,1,0,0,0,0
"Customer1505","Female","All.Organic",4804.05,1,1,0,0,1,0,1
"Customer1506","Male","Party.Snacker",647.79,0,0,1,0,0,0,0
"Customer1507","Male","Fast.and.Filling",1842.5,1,1,0,0,0,0,0
"Customer1508","Male","Gourmet.Focus",4759.35,1,1,0,1,0,0,1
"Customer1510","Male","Coupon.Hunter",390.65,1,0,0,0,0,0,0
"Customer1511","Male","Vegetarian",2024.63,1,0,0,0,0,1,1
"Customer1512","Male","Vegetarian",1512.06,0,0,1,0,0,1,0
"Customer1513","Female","All.Organic",2520.31,0,0,0,0,1,0,1
"Customer1514","Male","Party.Snacker",2009.23,1,1,1,0,0,0,0
"Customer1515","Female","Vegetarian",996.29,0,0,0,0,0,1,0
"Customer1516","Male","All.Organic",3176.28,1,1,0,0,1,0,0
"Customer1517","Male","Fast.and.Filling",2900,1,1,0,0,1,0,0
"Customer1518","Female","Coupon.Hunter",1600,1,0,1,0,1,0,0
"Customer1519","Male","Gourmet.Focus",2546.17,0,0,0,1,0,0,1
"Customer1520","Male","Gourmet.Focus",2926.78,1,0,0,1,0,0,1
"Customer1522","Female","Coupon.Hunter",609.03,1,0,1,0,0,0,0
"Customer1523","Male","Brand.Buyer",1396.15,0,0,0,0,0,0,1
"Customer1524","Male","Brand.Buyer",621.69,0,0,0,0,0,0,1
"Customer1526","Male","Fast.and.Filling",2308.37,0,1,0,0,0,0,1
"Customer1527","Male","All.Organic",2392.21,1,0,1,0,1,0,0
"Customer1528","Male","Fast.and.Filling",2793.71,0,1,1,0,0,0,1
"Customer1529","Female","Coupon.Hunter",2229.32,1,0,1,0,0,0,0
"Customer1530","Female","Coupon.Hunter",814.39,1,0,0,0,0,0,0
"Customer1532","Female","All.Organic",2105.38,0,0,0,0,1,0,0
"Customer1533","Female","Coupon.Hunter",331.89,1,0,0,0,0,0,0
"Customer1534","Male","All.Organic",1603.16,0,0,0,0,1,0,0
"Customer1535","Female","Coupon.Hunter",1007.19,1,0,1,0,0,0,1
"Customer1536","Female","Fast.and.Filling",1000,0,1,0,0,0,0,0
"Customer1537","Male","Coupon.Hunter",1352.57,1,0,1,0,0,0,0
"Customer1538","Male","Fast.and.Filling",1715.85,0,1,0,0,0,0,0
"Customer1539","Male","Brand.Buyer",2917.86,0,1,1,0,0,0,1
"Customer1540","Female","Coupon.Hunter",793.79,1,0,0,0,0,0,0
"Customer1541","Female","All.Organic",4073.63,0,0,1,1,1,0,0
"Customer1542","Male","All.Organic",2533.26,1,0,0,0,1,0,0
"Customer1543","Male","Gourmet.Focus",3616.86,0,1,0,1,0,0,1
"Customer1544","Male","Brand.Buyer",2106.01,0,0,1,0,0,0,1
"Customer1546","Male","Fast.and.Filling",1537.54,0,1,0,0,0,0,0
"Customer1547","Male","Coupon.Hunter",1200,1,0,0,0,0,0,1
"Customer1548","Male","Coupon.Hunter",1183.81,1,0,0,0,0,0,0
"Customer1549","Female","Party.Snacker",1900.32,0,0,1,0,1,0,0
"Customer1550","Female","Fast.and.Filling",2034.01,0,1,0,0,0,0,0
"Customer1551","Female","Coupon.Hunter",1759.74,1,0,1,0,0,0,0
"Customer1552","Male","All.Organic",1552.12,1,0,1,0,1,0,0
"Customer1553","Male","Brand.Buyer",2357.95,1,0,0,0,0,0,1
"Customer1554","Female","Brand.Buyer",1046.21,0,0,0,0,0,0,1
"Customer1556","Female","Party.Snacker",1756.94,1,1,1,0,0,0,0
"Customer1557","Female","All.Organic",4687.27,0,1,0,0,1,0,1
"Customer1559","Male","Coupon.Hunter",499.01,1,0,0,0,0,0,0
"Customer1560","Female","Party.Snacker",924.27,0,0,1,0,0,0,0
"Customer1561","Male","Party.Snacker",1473.23,0,0,1,0,0,0,0
"Customer1562","Female","All.Organic",2917.32,0,0,1,0,1,0,0
"Customer1563","Female","All.Organic",4730.06,0,0,1,0,1,0,1
"Customer1564","Male","All.Organic",913.04,0,0,0,0,1,0,0
"Customer1565","Female","Fast.and.Filling",2350.4,1,1,0,0,0,0,0
"Customer1566","Male","Coupon.Hunter",1176.01,1,0,0,0,0,0,0
"Customer1567","Female","All.Organic",1361.49,1,0,0,0,1,0,0
"Customer1568","Female","Brand.Buyer",2497.36,0,0,1,0,0,0,1
"Customer1569","Female","Coupon.Hunter",547.61,1,0,0,0,0,0,0
"Customer1570","Male","Coupon.Hunter",1054.33,1,0,0,0,0,0,0
"Customer1571","Female","Coupon.Hunter",285.18,1,0,0,0,0,0,0
"Customer1572","Female","All.Organic",1891.25,0,1,0,0,1,1,0
"Customer1573","Male","Fast.and.Filling",2377.85,0,1,0,0,0,0,1
"Customer1574","Male","All.Organic",1871.68,0,0,0,0,1,0,0
"Customer1575","Male","Vegetarian",1228.94,0,0,0,0,0,1,0
"Customer1576","Male","Brand.Buyer",1158.59,0,0,0,0,0,0,1
"Customer1578","Female","All.Organic",1450.02,0,1,0,0,1,0,0
"Customer1580","Male","Coupon.Hunter",1039.15,1,0,1,0,0,0,0
"Customer1582","Female","Fast.and.Filling",2060.82,0,1,0,0,0,0,0
"Customer1583","Male","All.Organic",1940.19,1,0,0,0,1,0,0
"Customer1584","Male","Party.Snacker",503.93,0,0,1,0,0,0,0
"Customer1585","Female","Gourmet.Focus",3672.35,1,0,1,1,0,0,1
"Customer1587","Female","All.Organic",3134.9,0,0,0,0,1,0,1
"Customer1588","Female","Vegetarian",1898.09,1,0,1,0,0,1,0
"Customer1589","Female","Fast.and.Filling",570.57,0,1,0,0,0,0,0
"Customer1590","Female","Gourmet.Focus",3573.73,0,0,0,1,0,0,1
"Customer1591","Female","Vegetarian",1329.77,0,0,0,0,0,1,0
"Customer1592","Female","Vegetarian",1311.31,0,0,0,0,0,1,0
"Customer1593","Female","Coupon.Hunter",491.63,1,0,0,0,0,0,0
"Customer1594","Female","Coupon.Hunter",567.03,1,0,0,0,0,0,0
"Customer1595","Male","Party.Snacker",1586.38,0,0,1,0,0,0,0
"Customer1596","Male","Brand.Buyer",3097.85,0,0,0,0,1,0,1
"Customer1597","Male","All.Organic",2003.65,1,0,0,0,1,0,0
"Customer1599","Male","All.Organic",4449.73,1,1,0,0,1,0,0
"Customer1600","Female","Vegetarian",894.61,0,0,0,0,0,1,0
"Customer1601","Female","All.Organic",4484.35,1,0,0,0,1,1,0
"Customer1602","Female","Fast.and.Filling",776.9,0,1,0,0,0,0,0
"Customer1603","Female","Gourmet.Focus",2710.81,1,1,1,1,0,0,0
"Customer1604","Male","Gourmet.Focus",4065.23,0,0,1,1,1,1,1
"Customer1606","Female","Gourmet.Focus",1140.13,1,0,0,1,0,0,0
"Customer1607","Male","Party.Snacker",534.1,0,0,1,0,0,0,0
"Customer1608","Male","Party.Snacker",549.23,0,0,1,0,0,0,0
"Customer1610","Male","All.Organic",2573.61,1,0,0,0,1,0,0
"Customer1611","Female","Fast.and.Filling",1430.19,0,1,0,0,0,0,0
"Customer1612","Male","Brand.Buyer",2051.46,1,0,1,0,0,0,1
"Customer1614","Male","Party.Snacker",1476.25,1,0,1,0,0,0,0
"Customer1615","Male","Brand.Buyer",1647.23,0,0,1,0,0,0,1
"Customer1616","Male","Gourmet.Focus",1151.8,0,1,0,1,0,0,0
"Customer1617","Female","Brand.Buyer",1620.58,1,0,0,0,0,0,1
"Customer1621","Male","All.Organic",1515.45,0,0,0,0,1,0,0
"Customer1622","Female","Vegetarian",1713.42,1,0,0,0,0,1,0
"Customer1623","Male","All.Organic",888.63,0,0,0,0,1,0,0
"Customer1624","Male","Coupon.Hunter",554.47,1,0,0,0,0,0,0
"Customer1625","Male","Fast.and.Filling",3581.53,0,1,1,0,0,0,1
"Customer1626","Male","Brand.Buyer",2568.46,1,0,0,0,0,0,1
"Customer1628","Female","All.Organic",4249.38,0,0,0,1,1,0,1
"Customer1629","Male","Gourmet.Focus",2646.8,1,0,1,1,0,1,0
"Customer1630","Male","Fast.and.Filling",1617.52,1,1,1,0,0,0,0
"Customer1631","Male","Party.Snacker",1005.71,0,0,1,0,0,0,0
"Customer1632","Male","Party.Snacker",1034.81,1,0,1,0,0,0,0
"Customer1633","Male","Fast.and.Filling",1771.42,0,1,0,0,0,0,0
"Customer1634","Male","Party.Snacker",1147.2,0,0,1,1,0,0,0
"Customer1636","Female","Fast.and.Filling",797.54,0,1,0,0,0,0,0
"Customer1637","Male","Brand.Buyer",1733.45,0,1,0,0,0,0,1
"Customer1638","Female","Party.Snacker",579.2,0,0,1,0,0,0,0
"Customer1639","Male","Coupon.Hunter",192.49,1,0,0,0,0,0,0
"Customer1640","Female","Fast.and.Filling",754.24,0,1,1,0,0,0,0
"Customer1641","Female","Party.Snacker",956.31,1,0,1,0,0,0,0
"Customer1643","Female","Brand.Buyer",1472,0,0,0,0,0,0,1
"Customer1644","Female","All.Organic",2800,0,1,0,0,1,0,0
"Customer1645","Male","Brand.Buyer",3071,0,1,0,0,0,0,1
"Customer1648","Male","Coupon.Hunter",857.78,1,0,0,0,0,0,0
"Customer1649","Male","Brand.Buyer",907,0,0,1,0,0,0,1
"Customer1650","Female","All.Organic",4990.33,0,1,0,1,1,0,0
"Customer1652","Male","Party.Snacker",2228.7,1,0,1,0,0,0,0
"Customer1653","Male","Vegetarian",2748.26,1,1,0,0,0,1,0
"Customer1654","Male","Coupon.Hunter",1820.93,1,0,1,0,0,0,0
"Customer1655","Male","Fast.and.Filling",1733.19,0,1,1,0,0,0,0
"Customer1656","Female","Gourmet.Focus",1696.96,0,0,0,1,0,0,0
"Customer1657","Female","Coupon.Hunter",1365.56,1,0,0,0,0,0,0
"Customer1658","Male","Vegetarian",1070.38,0,0,1,0,0,1,0
"Customer1660","Female","All.Organic",4429.16,0,0,1,0,1,1,1
"Customer1661","Male","Brand.Buyer",1486,0,0,0,0,0,0,1
"Customer1662","Female","Coupon.Hunter",917,1,0,0,0,0,0,0
"Customer1663","Male","Party.Snacker",1618.3,0,0,1,0,0,0,0
"Customer1664","Male","Coupon.Hunter",110,1,0,0,0,0,0,0
"Customer1666","Male","Vegetarian",3384.5,1,1,1,0,0,1,0
"Customer1667","Female","Coupon.Hunter",1090.75,1,0,0,0,0,0,0
"Customer1668","Female","Coupon.Hunter",239.85,1,0,0,0,0,0,0
"Customer1669","Female","All.Organic",5113.4,0,0,1,1,1,1,0
"Customer1671","Female","All.Organic",3926.97,1,0,1,0,1,1,0
"Customer1672","Female","Vegetarian",1522.84,1,0,0,0,0,1,0
"Customer1673","Female","Gourmet.Focus",2763.43,1,0,0,1,0,0,0
"Customer1674","Female","Brand.Buyer",1032.6,1,0,0,0,0,0,1
"Customer1675","Male","Party.Snacker",287.61,0,0,1,0,0,0,0
"Customer1676","Female","All.Organic",2343.78,0,0,0,0,1,0,0
"Customer1677","Female","Brand.Buyer",2246.91,1,0,1,0,0,0,1
"Customer1679","Male","All.Organic",3608.74,0,0,0,0,1,1,1
"Customer1680","Male","All.Organic",1604.12,0,0,0,0,1,0,0
"Customer1681","Male","Brand.Buyer",2062.68,0,0,0,1,0,0,1
"Customer1682","Female","Coupon.Hunter",609.26,1,0,0,0,0,0,0
"Customer1683","Male","Brand.Buyer",2264.82,1,0,0,0,0,0,1
"Customer1684","Female","All.Organic",3373.12,1,0,1,0,1,0,0
"Customer1685","Female","All.Organic",3621.21,1,0,0,0,1,1,0
"Customer1686","Female","Party.Snacker",727.65,0,0,1,0,0,0,0
"Customer1687","Female","Brand.Buyer",1877.79,1,0,0,0,0,0,1
"Customer1689","Female","Coupon.Hunter",1156.37,1,0,1,0,0,0,0
"Customer1690","Male","Coupon.Hunter",1160.25,1,0,0,0,0,0,0
"Customer1691","Male","Gourmet.Focus",2556.42,0,0,1,1,0,0,0
"Customer1692","Female","Vegetarian",2139.31,0,0,1,0,0,1,1
"Customer1693","Male","Gourmet.Focus",2481.63,0,0,0,1,0,0,1
"Customer1694","Female","Coupon.Hunter",1600,1,0,0,0,0,0,0
"Customer1695","Male","Party.Snacker",1120.81,1,0,1,0,0,0,0
"Customer1696","Male","Coupon.Hunter",998.59,1,0,0,0,0,0,0
"Customer1697","Female","Coupon.Hunter",1291.18,1,0,1,0,0,0,0
"Customer1699","Male","Brand.Buyer",1767.15,0,0,0,0,0,1,1
"Customer1700","Female","All.Organic",998.56,1,0,0,0,1,0,0
"Customer1701","Male","Coupon.Hunter",325.25,1,0,0,0,0,0,0
"Customer1702","Female","All.Organic",3886.6,1,0,0,0,1,1,0
"Customer1703","Male","Brand.Buyer",1974.76,0,0,1,0,0,0,1
"Customer1704","Female","All.Organic",3130.14,0,0,0,0,1,0,0
"Customer1705","Male","Brand.Buyer",2690.11,1,0,0,0,0,0,1
"Customer1706","Female","Party.Snacker",653.31,0,0,1,0,0,0,0
"Customer1707","Male","Gourmet.Focus",3407.63,1,0,0,1,1,0,0
"Customer1708","Female","Vegetarian",1027.46,0,0,0,0,0,1,0
"Customer1710","Female","Fast.and.Filling",1500,0,1,0,0,0,0,0
"Customer1711","Male","All.Organic",2907.26,0,0,0,1,1,0,1
"Customer1712","Male","Vegetarian",2443.2,0,0,1,0,0,1,1
"Customer1714","Male","Party.Snacker",1855.54,0,0,1,0,0,0,0
"Customer1716","Male","Coupon.Hunter",2514.99,1,0,0,0,0,1,1
"Customer1717","Male","Brand.Buyer",503.37,0,0,0,0,0,0,1
"Customer1718","Male","Brand.Buyer",2403.88,1,0,0,0,0,0,1
"Customer1719","Female","Party.Snacker",200,0,0,1,0,0,0,0
"Customer1720","Male","Party.Snacker",1386.54,0,0,1,0,0,0,1
"Customer1722","Female","All.Organic",4788.29,1,0,0,0,1,1,1
"Customer1723","Female","Coupon.Hunter",110,1,0,0,0,0,0,0
"Customer1724","Female","Brand.Buyer",943.33,1,0,0,0,0,0,1
"Customer1726","Male","Coupon.Hunter",707.09,1,0,0,0,0,0,0
"Customer1727","Female","Gourmet.Focus",3865.9,0,0,1,1,1,0,0
"Customer1728","Female","Coupon.Hunter",1018.94,1,0,0,0,0,0,0
"Customer1729","Male","Coupon.Hunter",728.85,1,0,1,0,0,0,0
"Customer1732","Female","Gourmet.Focus",3581.62,1,1,1,1,0,0,0
"Customer1733","Male","Gourmet.Focus",3127.31,0,0,1,1,0,1,0
"Customer1734","Male","Party.Snacker",445.19,0,0,1,0,0,0,0
"Customer1735","Female","Vegetarian",607.83,0,0,0,0,0,1,0
"Customer1736","Male","All.Organic",1417.51,0,0,1,0,1,0,0
"Customer1737","Female","Party.Snacker",1002.58,0,1,1,0,0,0,0
"Customer1738","Female","Party.Snacker",531.01,0,0,1,0,0,0,0
"Customer1739","Female","All.Organic",1879.75,0,0,0,0,1,0,0
"Customer1740","Female","Party.Snacker",1026.84,0,0,1,0,0,0,0
"Customer1741","Female","Vegetarian",2018.08,0,0,1,0,1,1,0
"Customer1742","Male","Fast.and.Filling",2927.54,0,1,1,0,1,1,0
"Customer1743","Female","Coupon.Hunter",802.65,1,0,0,0,0,0,0
"Customer1744","Female","Coupon.Hunter",1595.36,1,0,0,0,0,1,0
"Customer1745","Female","Brand.Buyer",2168.95,0,0,0,0,0,0,1
"Customer1746","Female","Brand.Buyer",2333.72,1,0,0,0,0,0,1
"Customer1747","Male","Vegetarian",1292.46,0,0,0,0,0,1,0
"Customer1748","Male","Coupon.Hunter",813.23,1,0,0,0,0,0,0
"Customer1749","Female","All.Organic",1193.25,1,0,1,0,1,0,0
"Customer1750","Female","All.Organic",3078.22,0,0,1,0,1,0,0
"Customer1751","Female","Brand.Buyer",2073.87,0,0,0,0,1,0,1
"Customer1752","Male","Coupon.Hunter",1545.53,1,0,0,0,0,0,0
"Customer1753","Male","All.Organic",2120.41,1,0,0,0,1,0,0
"Customer1754","Female","Vegetarian",1955.16,1,0,0,0,0,1,0
"Customer1755","Male","Party.Snacker",1487.39,1,0,1,0,0,0,0
"Customer1756","Female","Party.Snacker",1368.98,0,0,1,0,0,0,0
"Customer1757","Female","Brand.Buyer",2033.95,0,0,0,0,0,0,1
"Customer1758","Male","Coupon.Hunter",783.86,1,0,0,0,0,0,0
"Customer1759","Female","Vegetarian",1932.07,1,0,0,0,0,1,0
"Customer1760","Female","Coupon.Hunter",340.47,1,0,0,0,0,0,0
"Customer1761","Female","All.Organic",1139.83,0,0,0,0,1,0,0
"Customer1762","Male","Coupon.Hunter",386.95,1,0,0,0,0,0,0
"Customer1763","Female","Party.Snacker",909.7,0,0,1,0,0,0,0
"Customer1764","Male","Brand.Buyer",1133.28,1,0,0,0,0,0,1
"Customer1765","Male","Coupon.Hunter",1063.12,1,1,0,0,0,0,0
"Customer1767","Male","Gourmet.Focus",3557.82,1,0,1,1,0,0,0
"Customer1769","Male","Coupon.Hunter",1009.44,1,0,0,0,0,0,0
"Customer1772","Male","Brand.Buyer",765.41,0,0,0,0,0,0,1
"Customer1773","Female","Brand.Buyer",898.42,0,1,0,0,0,0,1
"Customer1774","Female","Gourmet.Focus",2472.91,1,0,0,1,0,0,0
"Customer1776","Male","Brand.Buyer",2991.99,1,0,1,0,0,1,1
"Customer1777","Male","Gourmet.Focus",2725.14,0,0,0,1,0,0,1
"Customer1778","Male","Coupon.Hunter",1716.37,1,1,0,0,0,0,0
"Customer1779","Female","Gourmet.Focus",3831.8,0,0,0,1,0,0,1
"Customer1780","Male","Fast.and.Filling",1924.38,0,1,0,0,0,0,0
"Customer1781","Female","Vegetarian",1629.26,0,0,1,0,0,1,0
"Customer1782","Male","Coupon.Hunter",626.75,1,0,0,0,0,0,0
"Customer1783","Male","Coupon.Hunter",770.87,1,0,0,0,0,0,0
"Customer1784","Female","Coupon.Hunter",629.92,1,0,0,0,0,0,0
"Customer1785","Female","Party.Snacker",783.8,0,0,1,0,0,0,0
"Customer1786","Male","Gourmet.Focus",1530.71,1,0,1,1,0,0,0
"Customer1787","Female","Fast.and.Filling",1469.91,1,1,0,0,0,0,0
"Customer1788","Male","Party.Snacker",456.63,0,0,1,0,0,0,0
"Customer1789","Male","All.Organic",1686.08,1,1,1,0,1,0,0
"Customer1790","Male","All.Organic",2300.57,1,1,0,0,1,0,0
"Customer1791","Female","All.Organic",3143.75,0,0,1,0,1,1,0
"Customer1793","Male","Gourmet.Focus",2477.79,1,0,0,1,0,0,0
"Customer1795","Male","Vegetarian",1321.8,0,0,0,0,0,1,0
"Customer1796","Female","Gourmet.Focus",1718.78,0,0,0,1,0,0,0
"Customer1797","Male","All.Organic",2807.08,0,1,0,0,1,0,1
"Customer1798","Male","Brand.Buyer",1702.15,0,0,0,1,0,0,1
"Customer1799","Male","Vegetarian",984.43,1,0,0,0,0,1,0
"Customer1800","Female","Party.Snacker",374.35,1,0,1,0,0,0,0
"Customer1801","Male","Fast.and.Filling",2431.89,0,1,0,0,0,0,1
"Customer1803","Male","Brand.Buyer",1325.38,0,0,0,0,0,0,1
"Customer1804","Male","All.Organic",2344.5,1,0,0,0,1,0,0
"Customer1805","Female","Coupon.Hunter",596.8,1,0,0,0,0,0,0
"Customer1806","Female","All.Organic",3637.79,0,0,1,0,1,1,0
"Customer1807","Female","Brand.Buyer",989.73,1,0,0,0,0,0,1
"Customer1808","Female","Party.Snacker",1182.04,0,0,1,0,0,0,0
"Customer1809","Female","Party.Snacker",1545.06,1,0,1,0,0,0,0
"Customer1811","Male","Brand.Buyer",1600,0,0,0,0,0,0,1
"Customer1812","Female","Gourmet.Focus",1334.57,1,0,0,1,0,0,0
"Customer1813","Female","Gourmet.Focus",3012.58,1,1,0,1,0,0,1
"Customer1814","Female","Brand.Buyer",1042.93,0,0,0,0,0,0,1
"Customer1815","Male","Gourmet.Focus",3361.25,0,0,1,1,0,1,0
"Customer1816","Male","All.Organic",4374.86,0,0,1,0,1,1,0
"Customer1818","Female","Fast.and.Filling",1758.28,0,1,1,0,0,0,0
"Customer1819","Female","All.Organic",1001.05,0,0,0,0,1,0,0
"Customer1820","Male","Party.Snacker",750.16,1,0,1,0,0,0,0
"Customer1822","Female","Brand.Buyer",2095.42,0,0,1,0,0,0,1
"Customer1825","Male","Coupon.Hunter",849.19,1,0,0,0,0,0,0
"Customer1826","Female","Coupon.Hunter",818.83,1,0,0,0,0,0,0
"Customer1827","Male","Coupon.Hunter",758.39,1,0,0,0,0,0,0
"Customer1828","Male","All.Organic",1533.89,1,1,1,0,1,0,0
"Customer1830","Male","All.Organic",1650.46,0,0,0,0,1,0,0
"Customer1831","Female","Brand.Buyer",855.39,0,0,0,0,0,0,1
"Customer1833","Female","Coupon.Hunter",959.27,1,0,0,0,0,0,0
"Customer1835","Female","All.Organic",4782.68,1,0,0,1,1,0,1
"Customer1836","Female","Party.Snacker",1894.88,0,0,1,0,0,0,1
"Customer1837","Male","Party.Snacker",590.07,0,0,1,0,0,0,0
"Customer1838","Male","Coupon.Hunter",747.5,1,1,0,0,0,0,0
"Customer1840","Female","Brand.Buyer",2421.57,1,0,1,0,0,1,1
"Customer1841","Female","Coupon.Hunter",859.77,1,0,0,0,0,0,0
"Customer1842","Male","Fast.and.Filling",345.34,0,1,0,0,0,0,0
"Customer1843","Male","Brand.Buyer",1459.24,0,0,0,0,0,0,1
"Customer1844","Male","Coupon.Hunter",445.41,1,0,0,0,0,0,0
"Customer1845","Male","Vegetarian",1673,1,0,0,0,0,1,0
"Customer1846","Male","All.Organic",3377.42,1,0,0,0,1,0,0
"Customer1847","Female","Coupon.Hunter",776.39,1,0,0,0,0,0,0
"Customer1848","Male","Party.Snacker",1074.76,0,0,1,0,0,0,0
"Customer1849","Female","Fast.and.Filling",2127.18,0,1,0,0,0,0,1
"Customer1850","Male","Party.Snacker",1005.8,0,0,1,0,0,0,0
"Customer1851","Female","Party.Snacker",564.82,0,0,1,0,0,0,0
"Customer1852","Female","Gourmet.Focus",1283.78,0,0,0,1,0,0,0
"Customer1853","Female","Vegetarian",1347.05,1,0,0,0,0,1,0
"Customer1854","Male","Party.Snacker",2107.43,1,0,1,0,0,0,0
"Customer1855","Female","Party.Snacker",200,0,0,1,0,0,0,0
"Customer1856","Female","Gourmet.Focus",2100,0,0,0,1,0,0,0
"Customer1857","Female","All.Organic",4194.12,1,0,0,0,1,1,0
"Customer1858","Female","Vegetarian",1006.95,0,0,0,0,0,1,0
"Customer1859","Male","All.Organic",3431.44,1,1,0,0,1,0,0
"Customer1860","Female","Vegetarian",2252.64,0,0,0,0,0,1,1
"Customer1861","Male","Brand.Buyer",2252.65,1,0,0,0,0,0,1
"Customer1863","Female","All.Organic",3544.44,1,0,0,1,1,0,0
"Customer1864","Female","Brand.Buyer",3087.1,0,1,0,0,0,0,1
"Customer1865","Female","Gourmet.Focus",1581.18,0,0,0,1,0,0,0
"Customer1866","Male","Brand.Buyer",505.79,0,0,1,0,0,0,1
"Customer1868","Male","Brand.Buyer",2454.02,1,0,0,0,0,1,1
"Customer1869","Male","Coupon.Hunter",271.03,1,0,0,0,0,0,0
"Customer1870","Female","Coupon.Hunter",833,1,0,0,0,0,0,0
"Customer1871","Female","Coupon.Hunter",770.92,1,0,0,0,0,0,0
"Customer1872","Male","Coupon.Hunter",326.95,1,0,0,0,0,0,0
"Customer1873","Female","Brand.Buyer",2252.58,1,0,0,0,0,0,1
"Customer1874","Male","Fast.and.Filling",1455.77,0,1,0,0,0,0,0
"Customer1875","Female","Coupon.Hunter",1671.5,1,0,1,0,0,0,0
"Customer1876","Female","Coupon.Hunter",1514.52,1,0,0,0,0,1,0
"Customer1878","Female","Gourmet.Focus",2100,0,0,0,1,0,0,0
"Customer1879","Male","Coupon.Hunter",636.24,1,0,0,0,0,0,0
"Customer1880","Female","Fast.and.Filling",2378.79,0,1,1,0,0,0,0
"Customer1881","Female","All.Organic",4161.1,0,1,1,0,1,0,0
"Customer1882","Female","Coupon.Hunter",984.33,1,0,0,0,0,1,0
"Customer1883","Male","Brand.Buyer",3022.28,1,1,0,0,0,0,1
"Customer1884","Female","Vegetarian",1229.11,0,0,1,0,0,1,0
"Customer1885","Male","Brand.Buyer",1928.52,1,0,0,0,0,0,1
"Customer1886","Male","Coupon.Hunter",278.2,1,0,0,0,0,0,0
"Customer1887","Female","Party.Snacker",476.48,0,0,1,0,0,0,0
"Customer1888","Female","Coupon.Hunter",850.84,1,0,0,0,0,0,0
"Customer1889","Female","Fast.and.Filling",651.82,0,1,0,0,0,0,0
"Customer1890","Female","All.Organic",2600,0,0,0,0,1,0,0
"Customer1892","Female","All.Organic",2180.69,0,0,0,0,1,0,0
"Customer1893","Male","Coupon.Hunter",509.1,1,0,0,0,0,0,0
"Customer1894","Female","All.Organic",3581.63,0,0,0,0,1,0,1
"Customer1895","Female","Gourmet.Focus",3465.89,0,0,1,1,1,0,0
"Customer1896","Female","All.Organic",2396.55,0,0,0,0,1,0,0
"Customer1897","Male","All.Organic",1642.15,0,0,0,1,1,0,0
"Customer1898","Male","Vegetarian",1481.43,0,0,1,0,0,1,0
"Customer1900","Male","Brand.Buyer",1445.22,1,0,0,0,0,0,1
"Customer1901","Male","Party.Snacker",1478.41,0,0,1,0,0,0,0
"Customer1902","Male","All.Organic",4490.66,0,0,1,1,1,0,0
"Customer1903","Female","Coupon.Hunter",584.91,1,0,0,0,0,0,0
"Customer1904","Male","Party.Snacker",211.34,0,0,1,0,0,0,0
"Customer1905","Female","All.Organic",2694.45,0,0,0,0,1,0,1
"Customer1906","Male","Party.Snacker",1355.53,0,0,1,0,0,0,0
"Customer1907","Male","Coupon.Hunter",1033.04,1,0,1,0,0,0,0
"Customer1909","Female","Vegetarian",794.2,0,0,0,0,0,1,0
"Customer1910","Female","All.Organic",4000,0,1,0,0,1,0,0
"Customer1911","Female","Gourmet.Focus",2528.16,0,0,0,1,0,0,1
"Customer1912","Male","Brand.Buyer",862.74,0,0,1,0,0,0,1
"Customer1913","Male","All.Organic",4619.32,0,0,1,0,1,1,1
"Customer1914","Male","Fast.and.Filling",1226.28,0,1,0,0,0,0,0
"Customer1915","Male","Gourmet.Focus",2324.83,1,0,0,1,0,0,0
"Customer1916","Female","All.Organic",2365.99,1,0,0,0,1,0,0
"Customer1917","Female","Brand.Buyer",1702.89,0,0,0,0,0,0,1
"Customer1918","Female","Brand.Buyer",2183.73,0,1,1,0,0,0,1
"Customer1919","Female","All.Organic",4849.59,1,0,0,1,1,0,0
"Customer1920","Female","Party.Snacker",813.86,0,1,1,0,0,0,0
"Customer1921","Female","Coupon.Hunter",889.68,1,0,1,0,0,0,0
"Customer1924","Male","All.Organic",2894.44,1,1,0,0,1,0,0
"Customer1925","Male","All.Organic",2592.34,1,0,1,0,1,0,1
"Customer1926","Male","Brand.Buyer",2492.83,0,0,0,1,0,0,1
"Customer1927","Female","Coupon.Hunter",977.84,1,0,0,0,0,1,0
"Customer1928","Male","Brand.Buyer",483.57,0,0,0,0,0,0,1
"Customer1929","Female","Coupon.Hunter",1104.04,1,0,0,0,0,0,0
"Customer1930","Male","Fast.and.Filling",1047.88,1,1,1,0,0,0,0
"Customer1931","Female","Gourmet.Focus",4200,0,0,0,1,1,0,1
"Customer1933","Male","Party.Snacker",575.26,0,0,1,0,0,0,0
"Customer1934","Female","Coupon.Hunter",810,1,0,0,0,0,0,0
"Customer1935","Female","All.Organic",4291.36,0,1,1,0,1,0,0
"Customer1936","Female","Coupon.Hunter",1391.56,1,0,0,0,0,0,1
"Customer1937","Male","Fast.and.Filling",972.6,0,1,0,0,0,0,0
"Customer1938","Male","Fast.and.Filling",547.78,0,1,0,0,0,0,0
"Customer1940","Male","All.Organic",2850.54,0,0,0,0,1,0,1
"Customer1941","Male","Vegetarian",558.2,0,0,1,0,0,1,0
"Customer1942","Female","Brand.Buyer",2071.15,0,0,0,0,0,0,1
"Customer1943","Female","Fast.and.Filling",2151.73,0,1,1,0,0,0,0
"Customer1944","Male","Brand.Buyer",817.67,0,0,0,0,0,0,1
"Customer1945","Female","All.Organic",1832.28,0,0,0,0,1,0,0
"Customer1946","Male","Fast.and.Filling",300,0,1,0,0,0,0,0
"Customer1947","Male","Party.Snacker",362.7,0,0,1,0,0,0,0
"Customer1948","Female","All.Organic",1325.08,0,0,0,0,1,0,0
"Customer1949","Male","Party.Snacker",684.03,0,0,1,0,0,0,0
"Customer1951","Female","All.Organic",1485.25,0,0,0,0,1,0,1
"Customer1952","Female","Brand.Buyer",2249.95,1,0,1,0,0,0,1
"Customer1953","Female","All.Organic",1940.82,1,0,0,0,1,0,0
"Customer1954","Male","All.Organic",2169.64,1,0,0,0,1,1,0
"Customer1955","Male","Party.Snacker",436.93,0,0,1,0,0,0,0
"Customer1956","Male","Coupon.Hunter",675.66,1,0,0,0,0,0,0
"Customer1957","Male","Vegetarian",1075.8,0,0,0,0,0,1,0
"Customer1958","Male","All.Organic",1853.4,0,0,1,0,1,0,0
"Customer1959","Male","Vegetarian",1619.41,1,0,0,0,0,1,0
"Customer1960","Female","All.Organic",2736.91,0,1,1,0,1,0,0
"Customer1963","Male","All.Organic",4958.82,1,0,0,1,1,1,1
"Customer1965","Male","Coupon.Hunter",1353.89,1,0,0,0,0,0,0
"Customer1966","Male","Coupon.Hunter",697.98,1,0,1,0,0,0,0
"Customer1967","Female","Brand.Buyer",5134.09,1,1,1,0,0,1,1
"Customer1968","Male","Coupon.Hunter",977.27,1,0,0,0,0,0,0
"Customer1969","Male","Gourmet.Focus",3777.24,0,0,0,1,1,0,0
"Customer1970","Male","Coupon.Hunter",670.5,1,0,0,0,0,0,0
"Customer1971","Female","Fast.and.Filling",1485.66,0,1,1,0,0,0,0
"Customer1972","Male","Coupon.Hunter",975.72,1,0,0,0,0,0,0
"Customer1973","Male","Gourmet.Focus",2453.99,0,0,0,1,0,0,0
"Customer1974","Male","Brand.Buyer",2847.35,1,0,0,0,0,0,1
"Customer1975","Male","Brand.Buyer",1948.15,1,0,0,0,0,0,1
"Customer1977","Male","Party.Snacker",1489.23,1,1,1,0,0,0,0
"Customer1978","Male","All.Organic",2262.66,0,0,1,0,1,0,0
"Customer1979","Male","Party.Snacker",564.84,0,0,1,0,0,0,0
"Customer1980","Female","Vegetarian",317.56,0,0,0,0,0,1,0
"Customer1981","Female","Coupon.Hunter",1881.24,1,0,0,0,0,0,1
"Customer1982","Male","Party.Snacker",1330.24,0,0,1,0,0,0,0
"Customer1983","Female","Brand.Buyer",2210.08,0,0,0,0,0,0,1
"Customer1984","Male","Coupon.Hunter",1308.57,1,0,0,0,0,0,0
"Customer1985","Male","Brand.Buyer",2464.63,0,1,0,0,0,0,1
"Customer1986","Female","Brand.Buyer",1070.14,1,0,0,0,0,0,1
"Customer1987","Male","Coupon.Hunter",1168.33,1,0,0,0,0,0,0
"Customer1989","Male","Coupon.Hunter",391.74,1,0,0,0,0,0,0
"Customer1990","Female","Coupon.Hunter",642.92,1,0,0,0,0,0,0
"Customer1991","Female","Coupon.Hunter",793.17,1,0,0,0,0,0,0
"Customer1992","Female","Party.Snacker",1756.47,1,0,1,0,0,0,0
"Customer1993","Female","Coupon.Hunter",780.33,1,0,0,0,0,0,0
"Customer1994","Male","Brand.Buyer",1809.23,0,1,0,0,0,0,1
"Customer1995","Male","Fast.and.Filling",3125.73,0,1,1,0,0,1,0
"Customer1996","Female","All.Organic",2718.93,1,0,0,0,1,0,0
"Customer1997","Female","Coupon.Hunter",2473.66,1,0,1,0,1,0,0
"Customer1998","Female","Brand.Buyer",2573.58,1,0,1,0,0,1,1
"Customer1999","Female","All.Organic",3836.49,1,0,1,0,1,0,0
"Customer2000","Female","Party.Snacker",1010.66,0,0,1,0,0,0,0
"Customer2001","Male","Gourmet.Focus",2043.46,0,0,0,1,0,0,0
"Customer2003","Female","All.Organic",3209.48,0,0,0,0,1,1,0
"Customer2004","Male","Vegetarian",1964.2,0,0,0,0,0,1,0
"Customer2005","Male","Brand.Buyer",1900.42,1,0,1,0,0,0,1
"Customer2007","Female","Vegetarian",1145.12,0,1,0,0,0,1,0
"Customer2008","Male","Vegetarian",480.29,1,0,0,0,0,1,0
"Customer2010","Female","All.Organic",4359.94,0,0,0,0,1,0,1
"Customer2011","Female","All.Organic",1149.32,0,0,0,0,1,0,0
"Customer2012","Female","Brand.Buyer",1100,0,0,0,0,0,0,1
"Customer2013","Male","Fast.and.Filling",2713.42,1,1,0,0,0,0,1
"Customer2014","Male","Vegetarian",250,0,0,0,0,0,1,0
"Customer2015","Male","Party.Snacker",1010.57,1,0,1,0,0,0,0
"Customer2016","Male","Gourmet.Focus",2351.47,1,0,0,1,0,0,0
"Customer2017","Female","Party.Snacker",1790.96,0,0,1,0,0,0,1
"Customer2018","Female","Party.Snacker",3634.3,1,1,1,0,0,0,0
"Customer2019","Female","All.Organic",2852.75,0,0,1,0,1,0,0
"Customer2020","Male","Party.Snacker",1295.48,0,0,1,0,0,0,0
"Customer2021","Male","Coupon.Hunter",1095,1,0,1,0,0,0,0
"Customer2022","Female","Brand.Buyer",1219.66,0,0,0,0,0,0,1
"Customer2023","Female","Brand.Buyer",2107.21,0,0,1,0,0,0,1
"Customer2024","Female","Fast.and.Filling",669.43,0,1,0,0,0,0,0
"Customer2026","Female","Coupon.Hunter",1029.75,1,0,0,0,0,0,1
"Customer2029","Male","Party.Snacker",1432.1,0,0,1,0,0,0,0
"Customer2031","Female","All.Organic",3030.2,0,0,1,0,1,0,0
"Customer2032","Male","Brand.Buyer",1496.61,1,0,0,0,0,0,1
"Customer2033","Female","Party.Snacker",948.05,0,0,1,0,0,0,0
"Customer2034","Male","All.Organic",3437.36,0,0,0,0,1,0,1
"Customer2035","Female","Gourmet.Focus",2995.09,0,0,0,1,0,1,0
"Customer2036","Female","Vegetarian",1040.01,0,0,0,0,0,1,0
"Customer2037","Female","Coupon.Hunter",643.54,1,0,0,0,0,0,0
"Customer2038","Male","Coupon.Hunter",110,1,0,0,0,0,0,0
"Customer2039","Male","Party.Snacker",1768.76,1,0,1,0,0,0,0
"Customer2041","Male","Coupon.Hunter",930.51,1,0,0,0,0,0,0
"Customer2042","Female","Fast.and.Filling",2407.16,0,1,1,0,0,0,0
"Customer2043","Female","Fast.and.Filling",1406.61,0,1,0,0,0,0,0
"Customer2044","Female","Coupon.Hunter",1002.45,1,0,0,0,0,0,0
"Customer2045","Female","Gourmet.Focus",3920.14,1,0,0,1,1,0,0
"Customer2046","Male","Gourmet.Focus",1616.86,0,0,0,1,0,1,0
"Customer2047","Male","Brand.Buyer",1114.36,1,0,0,0,0,0,1
"Customer2048","Male","All.Organic",6005.71,1,1,1,1,1,0,0
"Customer2049","Male","Brand.Buyer",2070.7,1,0,0,0,0,0,1
"Customer2050","Male","Fast.and.Filling",960.44,1,1,0,0,0,0,0
"Customer2051","Female","Party.Snacker",1013.9,1,1,1,0,0,0,0
"Customer2052","Male","Party.Snacker",2262.52,1,1,1,0,0,0,0
"Customer2053","Female","Gourmet.Focus",1237.02,1,0,0,1,0,0,0
"Customer2054","Male","Brand.Buyer",1863.82,0,0,0,0,0,0,1
"Customer2055","Female","Party.Snacker",564.39,1,0,1,0,0,0,0
"Customer2056","Female","All.Organic",2615.72,0,0,0,0,1,1,0
"Customer2057","Male","Coupon.Hunter",1140.9,1,0,1,0,0,0,0
"Customer2058","Female","Coupon.Hunter",1559.57,1,1,0,0,0,0,0
"Customer2059","Female","Party.Snacker",1371.65,0,0,1,0,0,0,0
"Customer2060","Male","Brand.Buyer",3132.92,0,1,1,0,0,0,1
"Customer2061","Female","Coupon.Hunter",1304.34,1,0,0,0,0,0,1
"Customer2062","Female","Gourmet.Focus",4376.26,0,0,1,1,1,0,0
"Customer2063","Male","Vegetarian",1015.27,0,0,0,0,0,1,0
"Customer2065","Male","Coupon.Hunter",1041.35,1,0,1,0,0,0,0
"Customer2066","Male","Brand.Buyer",1222.24,1,0,0,0,0,0,1
"Customer2067","Female","Coupon.Hunter",768.76,1,0,0,0,0,0,0
"Customer2068","Male","Coupon.Hunter",1100,1,1,0,0,0,0,0
"Customer2069","Male","All.Organic",2184.9,1,0,0,0,1,0,0
"Customer2070","Male","Party.Snacker",1674.76,1,0,1,0,0,0,0
"Customer2071","Female","Gourmet.Focus",1412.77,0,0,0,1,0,0,0
"Customer2072","Male","Gourmet.Focus",2436.3,0,0,0,1,0,0,1
"Customer2073","Male","Vegetarian",1789.43,0,0,0,0,0,1,0
"Customer2075","Female","Brand.Buyer",950.18,1,0,0,0,0,0,1
"Customer2076","Male","Fast.and.Filling",2150.82,0,1,1,0,0,0,1
"Customer2077","Female","Brand.Buyer",1115.42,1,0,0,0,0,0,1
"Customer2078","Female","Gourmet.Focus",3743.22,0,0,0,1,1,1,0
"Customer2079","Male","Party.Snacker",1460.2,0,1,1,0,0,0,1
"Customer2080","Female","All.Organic",4237.81,0,1,0,0,1,0,1
"Customer2082","Female","All.Organic",2905.9,0,0,1,0,1,0,0
"Customer2083","Female","Fast.and.Filling",817,1,1,0,0,0,0,0
"Customer2084","Male","Gourmet.Focus",3768.64,1,0,0,1,0,1,0
"Customer2085","Female","Coupon.Hunter",1462.01,1,0,1,0,0,1,0
"Customer2087","Female","Brand.Buyer",820.55,0,0,0,0,0,0,1
"Customer2088","Female","Gourmet.Focus",6146.53,0,0,0,1,1,0,1
"Customer2089","Male","Vegetarian",1595.47,0,0,1,0,0,1,0
"Customer2090","Female","Gourmet.Focus",2274.14,0,0,0,1,1,0,0
"Customer2092","Female","Vegetarian",844.07,0,0,0,0,0,1,0
"Customer2093","Female","All.Organic",4602.15,1,0,0,0,1,0,1
"Customer2094","Male","Party.Snacker",876.93,0,0,1,0,0,0,0
"Customer2095","Female","Party.Snacker",2000,0,0,1,0,0,0,0
"Customer2096","Male","All.Organic",5394.78,0,1,1,0,1,1,1
"Customer2097","Female","Brand.Buyer",2275.69,0,0,1,1,0,0,1
"Customer2099","Male","Party.Snacker",961.7,0,0,1,0,0,0,0
"Customer2100","Female","All.Organic",4173.14,1,0,1,0,1,1,0
"Customer2101","Male","Party.Snacker",869.21,1,0,1,0,0,0,0
"Customer2102","Female","Coupon.Hunter",1617.71,1,0,0,0,0,1,0
"Customer2103","Female","All.Organic",1889.61,1,0,0,0,1,0,0
"Customer2104","Female","Brand.Buyer",1843.98,0,0,0,0,0,0,1
"Customer2105","Male","Gourmet.Focus",1949.47,0,0,0,1,0,0,0
"Customer2106","Male","Gourmet.Focus",936.05,0,0,0,1,0,0,0
"Customer2107","Female","Party.Snacker",1018.06,0,0,1,0,0,0,0
"Customer2108","Male","Brand.Buyer",2177.63,0,0,0,0,0,0,1
"Customer2110","Male","Coupon.Hunter",393.64,1,0,0,0,0,0,0
"Customer2112","Female","All.Organic",3165.4,1,0,0,0,1,0,0
"Customer2114","Male","Gourmet.Focus",2156.89,1,0,1,1,0,0,1
"Customer2115","Male","Vegetarian",922.42,0,1,0,0,0,1,0
"Customer2116","Male","Brand.Buyer",2509.62,0,0,1,0,0,0,1
"Customer2117","Male","All.Organic",2514.56,1,0,0,1,1,0,0
"Customer2118","Female","Brand.Buyer",1235.24,0,0,0,0,0,0,1
"Customer2119","Female","All.Organic",1950.41,0,0,0,0,1,0,0
"Customer2120","Female","Brand.Buyer",1562.05,0,0,0,0,0,0,1
"Customer2122","Female","Gourmet.Focus",3225.98,1,0,0,1,0,1,0
"Customer2123","Female","Coupon.Hunter",594.18,1,0,0,0,0,0,0
"Customer2124","Female","Coupon.Hunter",456.38,1,0,0,0,0,0,0
"Customer2125","Male","Coupon.Hunter",1248.54,1,0,0,0,0,0,0
"Customer2126","Male","Coupon.Hunter",841.43,1,0,1,0,0,0,0
"Customer2127","Female","Vegetarian",991.76,0,0,1,0,0,1,1
"Customer2129","Male","Gourmet.Focus",2640.17,0,0,0,1,0,1,0
"Customer2130","Male","Fast.and.Filling",512.43,0,1,0,0,0,0,0
"Customer2131","Female","Coupon.Hunter",801.59,1,0,0,0,0,0,0
"Customer2132","Female","Gourmet.Focus",1490.1,1,0,0,1,0,0,0
"Customer2133","Female","Coupon.Hunter",396.4,1,0,0,0,0,0,0
"Customer2134","Male","Party.Snacker",1501.94,0,0,1,0,0,0,0
"Customer2135","Female","Coupon.Hunter",1079.62,1,0,0,0,0,0,0
"Customer2136","Female","Brand.Buyer",925.9,0,0,0,0,0,0,1
"Customer2137","Female","Gourmet.Focus",3604.79,1,0,0,1,0,1,0
"Customer2138","Male","Brand.Buyer",2201.77,1,0,0,0,0,0,1
"Customer2139","Male","All.Organic",4963.6,1,0,0,1,1,0,0
"Customer2140","Male","Coupon.Hunter",1003.61,1,0,0,0,0,0,0
"Customer2141","Male","All.Organic",2883.26,0,1,0,0,1,1,0
"Customer2142","Female","All.Organic",4054.19,0,1,0,0,1,0,1
"Customer2143","Male","Vegetarian",272.9,0,0,0,0,0,1,0
"Customer2144","Male","Fast.and.Filling",1894.53,1,1,0,0,1,0,0
"Customer2146","Male","Brand.Buyer",1506.38,0,0,0,0,0,0,1
"Customer2147","Male","Gourmet.Focus",2614.28,1,0,0,1,0,0,0
"Customer2148","Male","All.Organic",2494.04,0,0,0,0,1,0,0
"Customer2149","Female","All.Organic",3167.09,1,0,1,0,1,0,0
"Customer2151","Male","Vegetarian",3168.1,1,0,0,0,1,1,1
"Customer2152","Male","All.Organic",1322.48,1,0,0,0,1,0,0
"Customer2153","Male","Gourmet.Focus",2328.44,0,0,1,1,0,0,0
"Customer2154","Male","All.Organic",3067.25,0,1,0,0,1,0,0
"Customer2155","Female","Brand.Buyer",1770.59,0,0,0,0,0,1,1
"Customer2156","Female","Coupon.Hunter",1487.04,1,0,1,0,0,0,0
"Customer2157","Female","Brand.Buyer",1205.91,0,0,0,0,0,0,1
"Customer2158","Female","All.Organic",3443.37,0,0,1,0,1,0,0
"Customer2159","Male","Party.Snacker",519.63,0,0,1,0,0,0,0
"Customer2160","Female","Gourmet.Focus",1842.01,0,0,0,1,0,0,0
"Customer2161","Female","All.Organic",1968.91,1,0,0,0,1,0,0
"Customer2162","Female","Coupon.Hunter",981.37,1,0,0,0,0,0,0
"Customer2163","Female","Coupon.Hunter",806.62,1,0,0,0,0,0,0
"Customer2164","Male","Fast.and.Filling",2800.05,1,1,0,0,1,0,0
"Customer2165","Male","All.Organic",2268.86,1,1,0,0,1,0,0
"Customer2166","Female","Brand.Buyer",909.26,0,0,0,0,0,0,1
"Customer2168","Female","All.Organic",1819.28,0,0,0,0,1,0,0
"Customer2169","Male","Party.Snacker",1228.69,0,0,1,0,0,1,0
"Customer2170","Female","Coupon.Hunter",500.51,1,0,0,0,0,0,0
"Customer2171","Female","Vegetarian",1351.61,0,0,0,0,0,1,0
"Customer2173","Female","Brand.Buyer",2315.11,1,0,0,0,0,0,1
"Customer2174","Male","Coupon.Hunter",567.82,1,0,0,0,0,0,0
"Customer2175","Male","All.Organic",1979.18,0,0,0,0,1,0,0
"Customer2176","Female","All.Organic",4216.48,0,1,0,0,1,0,0
"Customer2177","Male","All.Organic",2551.89,0,1,0,0,1,0,0
"Customer2178","Male","Brand.Buyer",1759.12,1,0,1,0,0,0,1
"Customer2179","Female","All.Organic",1713.68,0,0,0,0,1,0,0
"Customer2180","Male","Fast.and.Filling",2337.52,1,1,0,0,0,0,0
"Customer2181","Female","All.Organic",1458.26,1,0,0,0,1,0,0
"Customer2182","Female","Coupon.Hunter",692.73,1,0,0,0,0,0,0
"Customer2183","Female","Brand.Buyer",2950.6,0,0,0,0,0,1,1
"Customer2184","Male","All.Organic",3351.93,0,0,0,0,1,0,1
"Customer2185","Male","Party.Snacker",1856.68,1,0,1,0,0,0,0
"Customer2186","Male","Coupon.Hunter",1203.47,1,0,0,0,0,0,0
"Customer2187","Male","Gourmet.Focus",2481.68,1,0,0,1,0,1,0
"Customer2188","Female","Brand.Buyer",752.23,0,0,0,0,0,0,1
"Customer2189","Female","Brand.Buyer",1427.84,0,0,0,0,0,0,1
"Customer2190","Male","Coupon.Hunter",110,1,0,0,0,0,0,0
"Customer2191","Male","Brand.Buyer",2029.8,1,0,0,0,0,0,1
"Customer2192","Female","Gourmet.Focus",1085.56,1,0,0,1,0,0,0
"Customer2193","Female","Vegetarian",888.26,1,0,0,0,0,1,0
"Customer2194","Female","Brand.Buyer",1409.08,0,0,0,0,0,0,1
"Customer2195","Female","Vegetarian",2059.89,1,0,1,0,0,1,0
"Customer2196","Male","Party.Snacker",1261.67,0,0,1,0,0,0,0
"Customer2197","Female","Vegetarian",1543.64,1,0,0,0,0,1,0
"Customer2198","Male","All.Organic",3285.38,1,0,0,0,1,0,0
"Customer2199","Female","Gourmet.Focus",3043.67,0,0,0,1,1,0,0
"Customer2200","Female","Gourmet.Focus",3119.91,0,0,1,1,0,0,0
"Customer2201","Female","Gourmet.Focus",2211.76,1,0,0,1,0,0,0
"Customer2202","Male","Coupon.Hunter",544.42,1,0,1,0,0,0,0
"Customer2203","Female","All.Organic",2986.47,1,0,1,0,1,0,0
"Customer2205","Male","Fast.and.Filling",3200.59,0,1,1,0,0,1,0
"Customer2206","Female","Coupon.Hunter",1104.6,1,0,0,0,0,0,0
"Customer2207","Male","All.Organic",2947.98,1,0,0,0,1,0,0
"Customer2208","Male","Coupon.Hunter",746.07,1,0,0,0,0,0,0
"Customer2209","Female","All.Organic",5003.24,0,0,1,0,1,0,1
"Customer2210","Female","Party.Snacker",786.33,1,0,1,0,0,0,0
"Customer2211","Male","Fast.and.Filling",768.98,0,1,1,0,0,0,0
"Customer2212","Female","Fast.and.Filling",1496.16,1,1,0,0,0,0,0
"Customer2213","Male","All.Organic",2722.25,1,0,0,0,1,0,0
"Customer2214","Female","Coupon.Hunter",1026.48,1,0,0,0,0,0,0
"Customer2216","Female","All.Organic",3718.52,0,0,0,0,1,1,0
"Customer2217","Male","Fast.and.Filling",1175.17,0,1,0,0,0,0,0
"Customer2218","Female","Brand.Buyer",1306.77,0,0,1,0,0,0,1
"Customer2219","Male","Fast.and.Filling",2661.45,1,1,0,0,0,0,0
"Customer2221","Female","All.Organic",1075.88,1,0,0,0,1,0,0
"Customer2222","Female","Vegetarian",808,0,0,0,0,0,1,0
"Customer2223","Male","All.Organic",1204.18,0,0,0,0,1,0,0
"Customer2224","Female","Coupon.Hunter",730.53,1,0,0,0,0,0,0
"Customer2225","Male","Coupon.Hunter",817.87,1,0,0,0,0,0,0
"Customer2226","Male","Brand.Buyer",2371.59,0,0,0,1,0,0,1
"Customer2228","Female","Brand.Buyer",903.41,0,0,0,0,0,0,1
"Customer2229","Male","Brand.Buyer",1547.32,1,0,0,0,0,0,1
"Customer2230","Female","Party.Snacker",546.76,0,0,1,0,0,0,0
"Customer2231","Female","All.Organic",1568.97,0,1,1,0,1,0,0
"Customer2232","Female","Brand.Buyer",1449.06,0,1,0,0,0,0,1
"Customer2233","Female","Coupon.Hunter",424.04,1,0,0,0,0,0,0
"Customer2234","Male","Party.Snacker",1024.62,0,0,1,0,0,0,0
"Customer2235","Female","All.Organic",2092.13,1,0,0,0,1,0,0
"Customer2236","Male","Coupon.Hunter",1934.07,1,0,1,0,0,0,0
"Customer2237","Female","All.Organic",3022.58,0,0,0,0,1,0,0
"Customer2238","Female","Vegetarian",2449.88,0,1,0,0,0,1,0
"Customer2239","Male","Coupon.Hunter",763.6,1,0,0,0,0,0,0
"Customer2240","Female","Brand.Buyer",1798.38,0,0,0,1,0,0,1
"Customer2243","Male","All.Organic",2925.31,0,0,0,0,1,0,1
"Customer2244","Female","Party.Snacker",900,0,0,1,0,0,0,0
"Customer2245","Male","All.Organic",2576.5,1,0,0,0,1,0,0
"Customer2246","Female","Coupon.Hunter",684.58,1,0,0,0,0,0,0
"Customer2247","Female","All.Organic",2381,0,1,1,0,1,0,0
"Customer2248","Female","Vegetarian",1268.24,1,0,0,0,0,1,1
"Customer2249","Male","Coupon.Hunter",606.62,1,0,0,0,0,0,0
"Customer2250","Female","Party.Snacker",789.09,0,0,1,0,0,0,0
"Customer2251","Male","All.Organic",2870.03,1,0,0,0,1,0,1
"Customer2252","Male","Vegetarian",1710.59,0,0,0,0,0,1,0
"Customer2253","Female","Brand.Buyer",2529.45,1,0,0,0,0,0,1
"Customer2254","Female","Vegetarian",694.78,0,0,0,0,0,1,0
"Customer2255","Male","Brand.Buyer",1309.48,0,0,0,0,0,0,1
"Customer2256","Male","Coupon.Hunter",1503.83,1,0,0,0,0,0,0
"Customer2257","Male","Coupon.Hunter",503.32,1,0,0,0,0,0,0
"Customer2258","Male","Fast.and.Filling",2599.21,0,1,1,0,0,0,0
"Customer2259","Female","Coupon.Hunter",1231.58,1,0,0,0,0,0,1
"Customer2260","Female","Coupon.Hunter",1728.51,1,0,0,0,0,1,0
"Customer2261","Male","Coupon.Hunter",1070.74,1,0,0,0,0,0,1
"Customer2262","Male","Fast.and.Filling",2638.94,0,1,1,0,0,1,0
"Customer2264","Female","Brand.Buyer",2444.84,0,0,1,0,1,0,1
"Customer2265","Female","Brand.Buyer",3412.91,1,0,1,0,1,0,1
"Customer2266","Male","Brand.Buyer",3459.64,1,1,1,0,0,0,1
"Customer2267","Female","Brand.Buyer",2045.83,0,0,1,0,0,0,1
"Customer2269","Male","Gourmet.Focus",4889.76,0,1,1,1,0,0,1
"Customer2270","Male","Party.Snacker",1686.92,1,0,1,0,0,0,0
"Customer2271","Male","Brand.Buyer",1630.81,0,0,1,0,0,0,1
"Customer2272","Male","Coupon.Hunter",345.15,1,0,0,0,0,0,0
"Customer2273","Male","Brand.Buyer",2453.21,1,0,0,0,0,0,1
"Customer2275","Male","Gourmet.Focus",2510.94,0,0,0,1,0,0,0
"Customer2276","Male","Party.Snacker",1233.29,0,0,1,0,0,0,0
"Customer2277","Female","All.Organic",1212.35,1,0,0,0,1,0,0
"Customer2278","Male","Gourmet.Focus",3643.59,0,0,0,1,0,0,1
"Customer2279","Female","Gourmet.Focus",1996.49,1,1,0,1,0,1,0
"Customer2280","Male","Gourmet.Focus",1796.08,0,0,0,1,0,0,0
"Customer2282","Female","Party.Snacker",1231.03,1,0,1,0,0,0,0
"Customer2283","Female","All.Organic",3044.82,0,0,0,0,1,0,0
"Customer2284","Female","Coupon.Hunter",1172.45,1,0,0,0,0,0,0
"Customer2285","Male","Vegetarian",1263.8,0,0,1,0,0,1,1
"Customer2286","Male","Party.Snacker",861.07,0,0,1,0,0,0,0
"Customer2287","Female","Vegetarian",1145.91,0,0,0,0,0,1,0
"Customer2288","Female","All.Organic",2415.68,0,0,0,0,1,0,0
"Customer2289","Male","Party.Snacker",1001.86,0,0,1,0,0,0,0
"Customer2290","Male","All.Organic",2413.28,1,0,0,0,1,1,0
"Customer2291","Female","Vegetarian",1639.37,0,0,0,0,0,1,0
"Customer2292","Male","Brand.Buyer",1415.28,0,0,0,0,0,0,1
"Customer2295","Male","Party.Snacker",753.07,0,0,1,0,0,0,0
"Customer2296","Male","Brand.Buyer",2209.79,0,0,0,0,0,0,1
"Customer2298","Male","Party.Snacker",1843.38,0,0,1,1,0,1,0
"Customer2299","Male","Party.Snacker",1825.19,1,1,1,0,0,0,0
"Customer2301","Female","All.Organic",2940.86,0,0,0,0,1,1,0
"Customer2302","Female","All.Organic",3744.74,1,0,1,0,1,0,1
"Customer2303","Female","Coupon.Hunter",753.7,1,0,0,0,0,0,0
"Customer2304","Male","All.Organic",2400.56,1,0,0,0,1,0,0
"Customer2305","Female","All.Organic",3350.44,1,0,0,0,1,0,0
"Customer2306","Male","Coupon.Hunter",629.64,1,0,0,0,0,0,0
"Customer2308","Female","Fast.and.Filling",1443.22,0,1,0,0,0,0,0
"Customer2309","Female","Gourmet.Focus",2616.5,0,0,0,1,0,0,0
"Customer2310","Male","All.Organic",4980.24,0,1,0,0,1,0,1
"Customer2311","Female","Brand.Buyer",2290,1,1,0,0,0,0,1
"Customer2312","Male","All.Organic",3120.18,0,0,0,0,1,0,0
"Customer2313","Female","Fast.and.Filling",1445.43,0,1,0,0,0,0,0
"Customer2314","Male","Brand.Buyer",2845.06,1,0,0,0,0,1,1
"Customer2315","Female","Coupon.Hunter",518.72,1,0,0,0,0,0,0
"Customer2316","Male","Vegetarian",1747.87,1,0,1,0,0,1,0
"Customer2317","Female","All.Organic",4426.42,0,0,1,0,1,0,1
"Customer2319","Male","Brand.Buyer",1549.46,0,0,0,0,0,0,1
"Customer2320","Female","Coupon.Hunter",1817.77,1,0,1,0,0,1,0
"Customer2321","Male","Coupon.Hunter",2072.94,1,0,0,0,1,0,0
"Customer2323","Female","Party.Snacker",1252.27,0,0,1,0,0,0,0
"Customer2324","Male","Vegetarian",1708.55,1,0,0,0,0,1,0
"Customer2325","Male","Party.Snacker",1498.23,0,0,1,0,0,0,0
"Customer2326","Male","Party.Snacker",853.61,0,0,1,0,0,0,1
"Customer2327","Female","Party.Snacker",2581.36,1,0,1,0,0,0,1
"Customer2328","Male","All.Organic",1125.94,0,0,0,0,1,0,0
"Customer2329","Male","All.Organic",2756.62,1,0,1,0,1,0,0
"Customer2330","Female","Fast.and.Filling",1717.31,0,1,0,0,0,0,0
"Customer2331","Female","Vegetarian",1884.29,0,0,0,0,0,1,0
"Customer2333","Male","Gourmet.Focus",1679.3,1,0,0,1,0,0,0
"Customer2334","Female","All.Organic",1081.69,0,0,0,0,1,0,0
"Customer2335","Male","Brand.Buyer",1000.38,0,0,0,0,0,0,1
"Customer2336","Male","Brand.Buyer",2300,0,0,0,0,0,0,1
"Customer2337","Female","All.Organic",2492.3,0,0,1,0,1,0,0
"Customer2338","Male","All.Organic",4902.73,0,0,1,0,1,1,1
"Customer2339","Male","Fast.and.Filling",1146.65,0,1,0,0,0,0,0
"Customer2340","Female","Party.Snacker",2730.86,0,1,1,0,0,0,1
"Customer2342","Male","All.Organic",2151.72,0,0,0,0,1,0,0
"Customer2343","Female","Party.Snacker",726.11,0,0,1,0,0,0,0
"Customer2344","Female","All.Organic",4295.47,1,0,0,0,1,1,0
"Customer2345","Female","Vegetarian",1408.21,0,0,0,0,0,1,0
"Customer2346","Female","Vegetarian",1178.35,0,0,1,0,0,1,0
"Customer2347","Female","Gourmet.Focus",2754.43,0,0,1,1,0,0,0
"Customer2349","Male","Gourmet.Focus",2539.38,1,1,0,1,0,0,0
"Customer2351","Male","Party.Snacker",409.04,0,0,1,0,0,0,0
"Customer2352","Female","All.Organic",5635.5,1,1,1,1,1,0,0
"Customer2353","Female","Brand.Buyer",1830.41,1,0,1,0,0,0,1
"Customer2354","Male","Party.Snacker",1522.96,0,0,1,0,1,0,0
"Customer2356","Male","All.Organic",2999.91,0,0,0,1,1,0,0
"Customer2357","Male","Gourmet.Focus",2647.14,0,0,0,1,0,0,0
"Customer2358","Male","Party.Snacker",1512.62,1,0,1,0,0,0,0
"Customer2359","Female","All.Organic",2254.97,0,0,0,0,1,0,1
"Customer2362","Male","All.Organic",3070.87,0,0,0,0,1,0,0
"Customer2363","Female","All.Organic",1675.98,0,0,0,0,1,0,0
"Customer2364","Female","Fast.and.Filling",1619.75,1,1,0,0,0,0,0
"Customer2366","Female","Brand.Buyer",891.17,0,0,1,0,0,0,1
"Customer2367","Male","Fast.and.Filling",2089.21,1,1,1,0,0,0,0
"Customer2368","Male","Fast.and.Filling",4594.52,1,1,0,0,1,0,1
"Customer2370","Male","Brand.Buyer",1073.43,0,0,0,0,0,0,1
"Customer2371","Female","Brand.Buyer",503.39,0,0,0,0,0,0,1
"Customer2372","Female","Fast.and.Filling",1870.54,1,1,0,0,0,0,0
"Customer2374","Female","Fast.and.Filling",2736.94,1,1,0,0,0,0,0
"Customer2375","Female","Fast.and.Filling",2475.09,0,1,0,1,0,0,0
"Customer2376","Male","All.Organic",1571.46,1,0,1,0,1,0,0
"Customer2377","Female","All.Organic",4137.22,0,0,1,0,1,0,1
"Customer2378","Male","Party.Snacker",802.22,1,0,1,0,0,0,0
"Customer2380","Male","Brand.Buyer",3634.61,0,1,0,1,0,0,1
"Customer2381","Male","Coupon.Hunter",463.85,1,0,0,0,0,0,0
"Customer2383","Male","Vegetarian",339.53,0,0,0,0,0,1,0
"Customer2384","Male","Brand.Buyer",996.08,0,0,0,0,0,0,1
"Customer2385","Male","Party.Snacker",1018.76,0,0,1,0,0,0,0
"Customer2386","Female","All.Organic",1825.38,0,0,1,0,1,0,0
"Customer2387","Male","Gourmet.Focus",2581.14,0,0,1,1,0,1,0
"Customer2388","Female","Vegetarian",1351.48,0,1,0,0,0,1,0
"Customer2389","Female","Coupon.Hunter",833.58,1,0,1,0,0,0,0
"Customer2390","Female","Brand.Buyer",1463.75,0,0,0,0,0,1,1
"Customer2391","Female","Fast.and.Filling",1933.69,1,1,0,0,0,0,0
"Customer2392","Male","Vegetarian",934.95,0,0,0,0,0,1,0
"Customer2393","Female","All.Organic",3288.88,0,1,0,0,1,1,0
"Customer2394","Male","Brand.Buyer",1619.48,0,0,0,0,0,0,1
"Customer2395","Female","Party.Snacker",1393.41,0,0,1,0,0,0,0
"Customer2396","Female","Party.Snacker",2000.24,1,0,1,0,0,1,0
"Customer2397","Female","Vegetarian",1738.78,0,0,0,0,0,1,0
"Customer2398","Female","All.Organic",2971.39,0,0,0,0,1,0,0
"Customer2399","Female","Party.Snacker",200,0,0,1,0,0,0,0
"Customer2400","Female","Party.Snacker",881.15,0,0,1,0,0,0,0
"Customer2401","Female","Brand.Buyer",1978.39,0,1,0,0,0,0,1
"Customer2402","Female","Coupon.Hunter",735.79,1,0,1,0,0,0,0
"Customer2403","Female","Coupon.Hunter",856.25,1,0,0,0,0,0,1
"Customer2405","Female","Fast.and.Filling",2099.28,0,1,0,0,0,0,0
"Customer2407","Female","Coupon.Hunter",780.8,1,0,0,0,0,0,0
"Customer2408","Male","All.Organic",2065.17,1,0,0,0,1,0,0
"Customer2410","Male","Vegetarian",1124.9,0,0,0,0,0,1,0
"Customer2411","Male","Coupon.Hunter",1381.02,1,0,0,0,0,0,0
"Customer2412","Male","All.Organic",2906.33,0,1,0,1,1,0,0
"Customer2414","Female","Party.Snacker",524.38,0,0,1,0,0,0,0
"Customer2415","Female","Gourmet.Focus",2522.13,0,1,0,1,0,0,0
"Customer2416","Female","Brand.Buyer",2589.84,1,0,1,0,0,0,1
"Customer2419","Female","Gourmet.Focus",1403.52,1,0,0,1,0,0,0
"Customer2420","Female","All.Organic",2175.82,0,0,0,0,1,0,0
"Customer2421","Male","Fast.and.Filling",2960.24,0,1,0,0,0,1,0
"Customer2422","Male","Party.Snacker",736.27,0,0,1,0,0,0,0
"Customer2424","Female","Coupon.Hunter",1577.58,1,1,0,0,0,0,0
"Customer2425","Male","Brand.Buyer",808.85,0,0,0,0,0,0,1
"Customer2426","Female","Coupon.Hunter",689.69,1,0,0,0,0,0,0
"Customer2427","Male","Coupon.Hunter",848.05,1,0,0,0,0,0,0
"Customer2428","Male","Brand.Buyer",699.49,0,0,0,0,0,0,1
"Customer2430","Female","Gourmet.Focus",1877.76,0,0,0,1,0,0,0
"Customer2431","Male","Coupon.Hunter",994,1,0,0,0,0,0,1
"Customer2432","Female","Party.Snacker",1827.9,0,0,1,0,0,0,0
"Customer2433","Male","Coupon.Hunter",1214.55,1,0,0,0,0,0,0
"Customer2434","Male","Party.Snacker",839.9,0,0,1,0,0,0,0
"Customer2435","Female","All.Organic",1912.89,0,0,0,0,1,0,0
"Customer2437","Female","Gourmet.Focus",1387.08,0,0,0,1,0,0,0
"Customer2438","Male","Gourmet.Focus",1752.81,0,0,0,1,0,0,0
"Customer2439","Male","All.Organic",3176.78,1,1,0,0,1,0,0
"Customer2440","Female","Coupon.Hunter",1618.18,1,0,0,0,0,1,0
"Customer2442","Female","Gourmet.Focus",2380.47,1,1,0,1,0,0,0
"Customer2443","Male","All.Organic",2749.46,0,1,0,0,1,0,0
"Customer2445","Female","Party.Snacker",803.24,0,0,1,0,0,0,0
"Customer2446","Female","All.Organic",3059.27,1,0,1,0,1,0,0
"Customer2447","Male","Vegetarian",1505.29,0,0,1,0,0,1,0
"Customer2448","Female","Coupon.Hunter",1107.34,1,0,0,0,0,1,0
"Customer2449","Male","All.Organic",700,0,0,0,0,1,0,0
"Customer2450","Male","Party.Snacker",2686.49,0,0,1,0,0,1,1
"Customer2452","Male","Vegetarian",2299.01,1,1,0,0,0,1,1
"Customer2454","Female","Coupon.Hunter",110,1,0,0,0,0,0,0
"Customer2455","Male","Fast.and.Filling",2559.94,0,1,0,0,0,1,0
"Customer2456","Female","All.Organic",3300,0,0,0,0,1,0,0
"Customer2457","Male","Party.Snacker",1141.01,0,0,1,0,0,0,0
"Customer2458","Male","Brand.Buyer",2660.71,1,0,0,0,0,0,1
"Customer2459","Female","All.Organic",3357.27,0,0,0,1,1,0,0
"Customer2460","Female","Vegetarian",1096.48,1,0,0,0,0,1,0
"Customer2461","Female","Gourmet.Focus",2139.23,0,1,0,1,0,0,0
"Customer2465","Male","Fast.and.Filling",3777.32,0,1,1,0,0,1,0
"Customer2466","Female","Gourmet.Focus",2035.9,0,0,1,1,0,0,0
"Customer2467","Male","Party.Snacker",748.9,0,0,1,0,0,0,0
"Customer2468","Female","Party.Snacker",804.13,0,0,1,0,0,0,0
"Customer2469","Male","Gourmet.Focus",3182.2,1,0,1,1,0,0,1
"Customer2471","Female","Fast.and.Filling",327.04,0,1,0,0,0,0,0
"Customer2472","Male","Coupon.Hunter",778.33,1,0,0,0,0,0,0
"Customer2476","Male","Brand.Buyer",2694.62,1,0,0,0,0,0,1
"Customer2477","Female","Brand.Buyer",1767.52,0,0,0,0,0,1,1
"Customer2478","Male","Party.Snacker",285.03,0,0,1,0,0,0,0
"Customer2479","Female","Coupon.Hunter",596.79,1,0,0,0,0,0,0
"Customer2480","Male","Party.Snacker",1311.27,0,0,1,0,0,0,0
"Customer2481","Female","Party.Snacker",1548.18,1,0,1,0,0,0,0
"Customer2482","Male","Vegetarian",1372.35,0,0,0,0,0,1,0
"Customer2483","Male","Party.Snacker",1958.84,0,0,1,0,0,0,0
"Customer2485","Male","Fast.and.Filling",1233.65,1,1,0,0,0,0,0
"Customer2486","Female","Party.Snacker",1080.24,0,0,1,0,0,0,0
"Customer2489","Female","Gourmet.Focus",3300.44,1,0,1,1,0,1,0
"Customer2490","Male","Brand.Buyer",1849.18,0,0,0,0,0,1,1
"Customer2491","Female","Party.Snacker",1738.62,0,1,1,0,0,0,0
"Customer2492","Female","Party.Snacker",1837.69,0,0,1,1,0,0,0
"Customer2493","Male","All.Organic",915.49,0,0,0,0,1,0,0
"Customer2495","Male","Vegetarian",1284.51,1,0,0,0,0,1,0
"Customer2496","Male","All.Organic",1527.22,1,0,0,0,1,0,0
"Customer2498","Male","Fast.and.Filling",3393.27,1,1,0,0,0,0,1
"Customer2500","Male","Brand.Buyer",2699.18,1,0,1,0,0,0,1
"Customer2503","Female","Coupon.Hunter",1090.7,1,1,0,0,0,0,0
"Customer2506","Male","Party.Snacker",200,0,0,1,0,0,0,0
"Customer2507","Male","Brand.Buyer",2254.23,1,1,0,0,0,0,1
"Customer2508","Male","Coupon.Hunter",680.52,1,0,0,0,0,0,0
"Customer2509","Male","Fast.and.Filling",1933.56,0,1,0,0,0,0,0
"Customer2512","Female","Brand.Buyer",1861.96,0,0,0,0,0,0,1
"Customer2513","Male","Brand.Buyer",478.38,0,0,0,0,0,0,1
"Customer2514","Female","Brand.Buyer",1337.52,0,0,0,0,0,0,1
"Customer2515","Male","Coupon.Hunter",926.9,1,0,0,0,0,0,0
"Customer2516","Female","Coupon.Hunter",1065.5,1,0,0,0,0,0,0
"Customer2517","Male","Brand.Buyer",1956.16,0,0,1,0,0,0,1
"Customer2518","Female","Vegetarian",1691.07,0,0,1,0,0,1,0
"Customer2519","Female","All.Organic",3442.37,0,0,1,0,1,0,0
"Customer2520","Male","All.Organic",2214.48,0,0,0,0,1,0,0
"Customer2521","Male","Coupon.Hunter",717.67,1,0,0,0,0,0,0
"Customer2522","Male","All.Organic",5460.86,0,0,1,1,1,0,0
"Customer2524","Female","Brand.Buyer",2355.72,1,0,1,0,0,0,1
"Customer2525","Male","Brand.Buyer",1852.84,0,0,0,0,0,0,1
"Customer2526","Female","Brand.Buyer",2113.51,0,0,1,0,0,0,1
"Customer2528","Male","Coupon.Hunter",781.89,1,0,0,0,0,0,0
"Customer2529","Female","Gourmet.Focus",2400,0,0,0,1,0,0,1
"Customer2530","Female","Brand.Buyer",831.68,0,0,1,0,0,0,1
"Customer2531","Male","Gourmet.Focus",1269.25,0,0,0,1,0,0,0
"Customer2532","Female","Gourmet.Focus",3057.29,1,0,0,1,0,1,0
"Customer2533","Female","Fast.and.Filling",2622.71,1,1,0,0,0,1,0
"Customer2534","Female","Coupon.Hunter",315.49,1,0,0,0,0,0,0
"Customer2535","Female","Party.Snacker",1898.53,1,0,1,0,0,1,0
"Customer2536","Female","Vegetarian",1730.12,1,0,1,0,0,1,0
"Customer2537","Female","Fast.and.Filling",1215.36,1,1,1,0,0,0,0
"Customer2539","Male","Vegetarian",1769,1,1,1,0,0,1,0
"Customer2540","Female","Party.Snacker",440.67,0,0,1,0,0,0,0
"Customer2541","Male","Brand.Buyer",2231.12,1,0,0,0,0,0,1
"Customer2542","Male","Gourmet.Focus",1999.08,0,0,1,1,0,0,0
"Customer2543","Female","All.Organic",4750.88,1,0,1,1,1,0,0
"Customer2545","Male","All.Organic",2829.9,1,0,0,0,1,0,0
"Customer2546","Male","Vegetarian",1074.48,0,0,0,0,0,1,0
"Customer2547","Female","Vegetarian",1453.73,0,0,0,0,0,1,0
"Customer2548","Female","Coupon.Hunter",1005.68,1,0,0,0,0,0,0
"Customer2549","Female","Vegetarian",1430.37,0,0,1,0,1,1,0
"Customer2550","Male","Coupon.Hunter",1158,1,0,0,0,0,0,0
"Customer2551","Male","Gourmet.Focus",1855.64,0,0,0,1,0,0,0
"Customer2552","Female","All.Organic",3395.16,1,1,0,0,1,0,0
"Customer2553","Male","All.Organic",1603.72,0,0,1,0,1,1,0
"Customer2554","Male","Party.Snacker",659.04,1,0,1,0,0,0,0
"Customer2555","Female","All.Organic",2800.34,0,1,1,0,1,0,0
"Customer2556","Female","Party.Snacker",487.25,0,0,1,0,0,0,0
"Customer2557","Female","Brand.Buyer",1695.75,1,0,0,0,0,0,1
"Customer2558","Male","All.Organic",1464.85,1,0,0,0,1,0,0
"Customer2559","Male","Fast.and.Filling",3175.02,1,1,1,0,0,0,0
"Customer2560","Male","Coupon.Hunter",2166.17,1,1,1,0,0,0,0
"Customer2561","Male","Coupon.Hunter",110,1,0,0,0,0,0,0
"Customer2562","Female","Brand.Buyer",1393.37,0,0,0,0,0,0,1
"Customer2563","Male","Coupon.Hunter",1576.58,1,0,0,0,0,0,0
"Customer2567","Female","Vegetarian",972.12,0,0,0,0,0,1,0
"Customer2568","Male","Vegetarian",1806.62,1,0,0,0,0,1,0
"Customer2569","Female","Brand.Buyer",1481.86,0,0,0,0,0,0,1
"Customer2570","Female","Brand.Buyer",2209.6,0,0,0,0,0,1,1
"Customer2571","Female","Fast.and.Filling",2809.95,1,1,0,0,0,0,0
"Customer2572","Male","Brand.Buyer",1057.57,0,0,0,0,0,0,1
"Customer2573","Male","All.Organic",4051.05,1,0,0,0,1,0,0
"Customer2574","Male","Fast.and.Filling",3254.4,1,1,1,0,0,0,0
"Customer2575","Female","Brand.Buyer",1795.77,1,0,1,0,0,0,1
"Customer2576","Male","Brand.Buyer",2452.49,1,0,0,0,1,0,1
"Customer2578","Female","Fast.and.Filling",314.21,0,1,0,0,0,0,0
"Customer2579","Female","Vegetarian",632.27,0,0,0,0,0,1,0
"Customer2581","Male","Vegetarian",678.91,1,0,0,0,0,1,0
"Customer2582","Female","Coupon.Hunter",435.4,1,0,0,0,0,0,0
"Customer2583","Female","Vegetarian",1826.95,0,1,1,0,0,1,0
"Customer2585","Male","Brand.Buyer",2069.23,1,0,1,0,1,0,1
"Customer2586","Female","Gourmet.Focus",2506.38,0,0,1,1,0,0,0
"Customer2589","Female","Party.Snacker",582.25,1,0,1,0,0,0,0
"Customer2590","Male","Coupon.Hunter",481.6,1,0,1,0,0,0,0
"Customer2591","Female","Fast.and.Filling",1145.71,0,1,0,0,0,0,0
"Customer2592","Male","Brand.Buyer",2123.53,1,0,1,0,0,1,1
"Customer2593","Male","Coupon.Hunter",1254.92,1,0,1,0,0,1,0
"Customer2594","Female","Coupon.Hunter",1139.25,1,1,0,0,0,0,0
"Customer2595","Male","Vegetarian",1376.94,0,1,0,0,0,1,0
"Customer2596","Female","All.Organic",2834.61,1,0,0,0,1,0,0
"Customer2597","Female","Vegetarian",1068.03,0,0,1,0,0,1,0
"Customer2598","Female","Brand.Buyer",1763.54,0,0,0,0,0,0,1
"Customer2599","Female","All.Organic",1174.89,0,0,0,0,1,0,0
"Customer2600","Male","Party.Snacker",457.08,0,0,1,0,0,0,0
"Customer2601","Female","Coupon.Hunter",817.12,1,0,0,0,0,0,0
"Customer2602","Female","Party.Snacker",746.71,0,0,1,0,0,0,0
"Customer2603","Male","All.Organic",3913.82,1,0,0,0,1,0,1
"Customer2604","Female","Coupon.Hunter",1844.56,1,0,1,0,0,0,0
"Customer2605","Male","All.Organic",1474.1,0,0,0,0,1,0,1
"Customer2606","Male","Coupon.Hunter",657.14,1,0,0,0,0,0,0
"Customer2608","Male","All.Organic",4147.22,0,0,1,0,1,1,1
"Customer2609","Male","All.Organic",1524.07,1,0,0,0,1,0,0
"Customer2610","Female","Vegetarian",1031.48,0,0,0,0,0,1,0
"Customer2611","Female","Party.Snacker",1515.53,0,0,1,0,1,0,0
"Customer2613","Female","All.Organic",1329.27,0,0,0,0,1,0,0
"Customer2614","Female","Gourmet.Focus",3478,1,1,0,1,0,0,0
"Customer2615","Male","All.Organic",3876.29,0,1,0,0,1,0,0
"Customer2616","Female","All.Organic",3002.53,0,0,1,0,1,1,1
"Customer2617","Male","Fast.and.Filling",1556.69,0,1,0,0,0,0,0
"Customer2618","Male","All.Organic",1339.98,0,0,0,0,1,0,1
"Customer2619","Female","Party.Snacker",900,0,0,1,0,0,0,0
"Customer2621","Male","Brand.Buyer",2128.14,0,0,1,0,0,0,1
"Customer2623","Male","Coupon.Hunter",900,1,0,0,0,0,0,0
"Customer2624","Female","Vegetarian",567.03,0,0,1,0,0,1,0
"Customer2625","Female","Party.Snacker",2064.93,1,1,1,0,0,0,0
"Customer2627","Male","All.Organic",1764.07,0,0,0,0,1,0,0
"Customer2628","Male","Fast.and.Filling",945.66,0,1,0,0,0,0,0
"Customer2629","Female","Gourmet.Focus",5191.95,0,0,1,1,1,0,1
"Customer2630","Male","Party.Snacker",754.49,0,0,1,0,0,0,0
"Customer2631","Male","All.Organic",2304.16,0,0,0,0,1,0,0
"Customer2632","Male","Brand.Buyer",1084.84,0,1,0,0,0,0,1
"Customer2633","Male","Party.Snacker",1115.12,0,0,1,0,0,0,0
"Customer2634","Female","Fast.and.Filling",968.92,1,1,0,0,0,0,0
"Customer2635","Male","Gourmet.Focus",2858.34,1,1,0,1,0,0,0
"Customer2636","Female","Brand.Buyer",942.81,0,0,0,0,0,0,1
"Customer2637","Male","Fast.and.Filling",1857.64,1,1,0,0,0,0,0
"Customer2638","Male","Party.Snacker",1289.04,1,0,1,0,0,0,0
"Customer2639","Male","Party.Snacker",1408.09,0,0,1,0,0,0,0
"Customer2641","Male","All.Organic",3372.69,1,0,0,0,1,0,0
"Customer2642","Female","Fast.and.Filling",3350.25,1,1,1,0,1,0,0
"Customer2643","Female","Fast.and.Filling",1826.33,0,1,0,0,0,1,0
"Customer2644","Female","All.Organic",1653.95,0,0,0,0,1,0,0
"Customer2645","Female","Party.Snacker",1079.63,0,0,1,0,0,0,0
"Customer2646","Male","Gourmet.Focus",4506.97,1,1,0,1,0,0,1
"Customer2647","Male","Vegetarian",965.27,0,0,1,0,0,1,0
"Customer2648","Male","Party.Snacker",1128.39,1,0,1,0,0,0,0
"Customer2649","Female","Party.Snacker",699.65,0,0,1,0,0,0,0
"Customer2650","Female","All.Organic",4823.37,1,1,0,0,1,0,0
"Customer2651","Male","Brand.Buyer",736.9,0,0,0,0,0,0,1
"Customer2652","Female","All.Organic",3088.57,0,0,0,1,1,0,0
"Customer2653","Male","Gourmet.Focus",3591.27,0,0,0,1,1,1,0
"Customer2654","Male","Brand.Buyer",2235.69,1,0,1,0,0,0,1
"Customer2655","Female","Gourmet.Focus",2648.04,1,0,1,1,0,0,0
"Customer2656","Female","Brand.Buyer",1261.02,0,0,0,0,0,0,1
"Customer2657","Male","Fast.and.Filling",907.51,0,1,0,0,0,0,0
"Customer2658","Female","Party.Snacker",2196.48,1,1,1,0,0,1,0
"Customer2659","Female","Party.Snacker",854.19,0,0,1,0,0,0,0
"Customer2662","Female","Party.Snacker",638.67,0,0,1,0,0,0,0
"Customer2663","Female","Coupon.Hunter",634.97,1,0,0,0,0,0,0
"Customer2664","Female","All.Organic",2785.86,0,1,0,0,1,0,0
"Customer2665","Male","Party.Snacker",1045.21,0,0,1,0,0,0,0
"Customer2666","Female","Coupon.Hunter",675.31,1,0,0,0,0,0,0
"Customer2667","Female","Coupon.Hunter",1283.51,1,0,0,0,0,0,0
"Customer2668","Female","Brand.Buyer",3739.76,1,1,0,0,0,0,1
"Customer2669","Female","All.Organic",1017.26,0,0,1,0,1,0,0
"Customer2670","Female","Brand.Buyer",1347.92,0,0,0,0,0,0,1
"Customer2671","Female","Vegetarian",1224.12,1,0,0,0,0,1,0
"Customer2672","Female","Brand.Buyer",887.62,0,0,1,0,0,0,1
"Customer2673","Female","Brand.Buyer",400,0,0,0,0,0,0,1
"Customer2676","Male","Fast.and.Filling",300,0,1,0,0,0,0,0
"Customer2677","Female","Party.Snacker",1644.39,1,0,1,0,0,1,0
"Customer2678","Female","Fast.and.Filling",2017.38,1,1,0,0,0,1,1
"Customer2679","Female","Party.Snacker",326.94,0,0,1,0,0,0,0
"Customer2680","Male","Fast.and.Filling",2251.74,0,1,0,0,1,0,0
"Customer2682","Female","All.Organic",1270.23,0,0,1,0,1,0,0
"Customer2684","Female","Fast.and.Filling",329.16,0,1,0,0,0,0,0
"Customer2685","Male","Vegetarian",893.08,0,0,0,0,0,1,0
"Customer2686","Female","All.Organic",2287.62,0,0,1,0,1,0,0
"Customer2687","Male","Fast.and.Filling",561.73,0,1,0,0,0,0,0
"Customer2690","Female","Party.Snacker",720.61,0,0,1,0,0,0,0
"Customer2691","Female","Fast.and.Filling",2729.36,0,1,0,0,0,1,1
"Customer2692","Male","All.Organic",1125.99,1,0,1,0,1,0,0
"Customer2694","Male","Gourmet.Focus",1150.87,0,0,0,1,0,0,0
"Customer2695","Male","All.Organic",4015.3,1,0,1,0,1,1,0
"Customer2696","Female","Fast.and.Filling",1728.85,0,1,1,0,0,0,0
"Customer2698","Female","Coupon.Hunter",576.46,1,0,0,0,0,0,0
"Customer2699","Male","Party.Snacker",742.04,0,0,1,0,0,0,0
"Customer2700","Male","Brand.Buyer",869.95,0,0,0,0,0,0,1
"Customer2701","Female","Gourmet.Focus",2243.52,1,0,0,1,0,0,0
"Customer2702","Male","Fast.and.Filling",1596.17,1,1,0,0,0,0,0
"Customer2703","Male","Coupon.Hunter",2250.73,1,0,1,0,0,0,1
"Customer2704","Female","Brand.Buyer",2600.86,1,0,1,0,0,0,1
"Customer2706","Female","Vegetarian",1527.23,1,0,0,0,0,1,0
"Customer2707","Male","All.Organic",2898.62,0,0,0,0,1,1,0
"Customer2708","Male","Party.Snacker",715.34,0,0,1,0,0,0,0
"Customer2709","Male","Party.Snacker",547.44,0,0,1,0,0,0,0
"Customer2710","Male","Party.Snacker",965.31,0,0,1,0,0,0,0
"Customer2711","Female","All.Organic",1976.15,0,0,0,0,1,1,0
"Customer2712","Male","All.Organic",4655.01,1,1,1,0,1,0,0
"Customer2713","Female","Brand.Buyer",809.57,0,0,0,0,0,0,1
"Customer2714","Female","Fast.and.Filling",1886.48,0,1,0,0,1,0,0
"Customer2715","Male","Gourmet.Focus",1523.37,1,0,0,1,0,0,0
"Customer2718","Male","All.Organic",4320.48,1,1,1,0,1,0,0
"Customer2719","Male","All.Organic",2436.5,0,0,0,0,1,0,0
"Customer2720","Male","Party.Snacker",230.04,0,0,1,0,0,0,0
"Customer2722","Female","All.Organic",2221.46,0,0,1,0,1,0,0
"Customer2723","Female","All.Organic",1393.64,1,0,0,0,1,0,0
"Customer2724","Female","Brand.Buyer",3153.8,0,0,0,0,1,0,1
"Customer2725","Female","All.Organic",4528.19,0,1,0,0,1,0,0
"Customer2727","Female","All.Organic",2600,0,0,0,0,1,0,0
"Customer2728","Female","Coupon.Hunter",513.6,1,0,0,0,0,0,0
"Customer2729","Female","Brand.Buyer",1746.95,1,0,0,0,0,0,1
"Customer2731","Male","Party.Snacker",577.63,0,0,1,0,0,0,0
"Customer2732","Male","Fast.and.Filling",1544.78,0,1,0,0,0,0,0
"Customer2733","Female","Coupon.Hunter",942.05,1,0,1,0,0,0,0
"Customer2734","Female","Brand.Buyer",1338.1,0,0,0,0,0,0,1
"Customer2735","Female","Party.Snacker",3062.66,0,0,1,0,1,0,0
"Customer2736","Male","Vegetarian",963.21,0,0,0,0,0,1,0
"Customer2737","Female","Gourmet.Focus",2239.37,0,0,0,1,0,0,0
"Customer2739","Male","Party.Snacker",2217,0,1,1,1,0,0,0
"Customer2740","Female","Vegetarian",1087.52,1,0,0,0,0,1,0
"Customer2741","Female","Gourmet.Focus",2601.91,1,0,0,1,0,0,0
"Customer2743","Female","Party.Snacker",1384.09,0,1,1,0,0,0,0
"Customer2745","Female","All.Organic",2649.4,0,0,1,0,1,0,0
"Customer2746","Female","Party.Snacker",1009.83,1,0,1,0,0,0,0
"Customer2747","Female","Coupon.Hunter",388.25,1,0,0,0,0,0,0
"Customer2748","Female","Coupon.Hunter",110,1,0,0,0,0,0,0
"Customer2749","Male","Party.Snacker",701.13,0,0,1,0,0,0,0
"Customer2750","Male","Coupon.Hunter",1157.84,1,0,0,0,0,0,0
"Customer2751","Male","Coupon.Hunter",1315.03,1,0,0,0,0,0,0
"Customer2752","Female","Party.Snacker",546.26,0,0,1,0,0,0,0
"Customer2753","Female","All.Organic",3100.38,0,1,1,0,1,0,0
"Customer2754","Female","All.Organic",1984.26,0,0,0,0,1,1,0
"Customer2756","Male","All.Organic",3271.24,0,0,0,1,1,0,0
"Customer2757","Male","Brand.Buyer",1021.33,0,0,0,0,0,0,1
"Customer2758","Female","Coupon.Hunter",537.89,1,0,0,0,0,0,0
"Customer2759","Female","Party.Snacker",1385.97,1,0,1,0,0,0,0
"Customer2760","Male","Fast.and.Filling",1296.64,0,1,1,0,0,0,1
"Customer2761","Male","Brand.Buyer",476.63,0,0,0,0,0,0,1
"Customer2762","Male","Coupon.Hunter",637.4,1,0,1,0,0,0,0
"Customer2763","Female","Brand.Buyer",1798.48,0,1,1,0,0,0,1
"Customer2764","Male","Brand.Buyer",3884.1,1,1,0,0,0,1,1
"Customer2765","Male","Brand.Buyer",4803.18,1,0,0,0,1,1,1
"Customer2766","Female","Coupon.Hunter",900,1,0,0,0,0,0,0
"Customer2767","Male","All.Organic",2541.73,0,0,0,0,1,0,0
"Customer2768","Male","Coupon.Hunter",546.61,1,0,0,0,0,0,0
"Customer2770","Male","Party.Snacker",682.4,0,0,1,0,0,0,0
"Customer2771","Male","Vegetarian",3031.35,0,0,1,0,0,1,1
"Customer2772","Female","Gourmet.Focus",2417.86,0,0,0,1,0,0,0
"Customer2773","Male","Vegetarian",876.08,0,0,0,0,0,1,0
"Customer2774","Male","Coupon.Hunter",703.37,1,0,0,0,0,0,0
"Customer2776","Female","Coupon.Hunter",297.32,1,0,0,0,0,0,0
"Customer2777","Female","Brand.Buyer",531.61,1,0,0,0,0,0,1
"Customer2778","Male","All.Organic",5544.69,1,0,1,1,1,0,0
"Customer2779","Male","Brand.Buyer",1502.42,1,0,0,0,0,0,1
"Customer2780","Female","Brand.Buyer",2980.37,1,0,0,0,1,0,1
"Customer2781","Male","Brand.Buyer",2835.83,1,0,0,0,0,1,1
"Customer2782","Female","Party.Snacker",1062.65,0,1,1,0,0,0,0
"Customer2783","Female","Party.Snacker",1732.09,1,0,1,0,0,0,1
"Customer2784","Male","Brand.Buyer",2992.16,0,0,0,1,0,0,1
"Customer2787","Male","Coupon.Hunter",682.32,1,0,0,0,0,0,0
"Customer2788","Male","Coupon.Hunter",738.61,1,0,1,0,0,0,0
"Customer2789","Female","Fast.and.Filling",2745.78,0,1,1,0,0,0,0
"Customer2790","Female","Party.Snacker",1527.85,0,0,1,0,0,0,0
"Customer2791","Male","All.Organic",2169.37,0,0,0,0,1,0,0
"Customer2792","Female","All.Organic",871.95,1,0,0,0,1,0,0
"Customer2793","Female","All.Organic",1400,0,0,0,0,1,0,0
"Customer2794","Male","Brand.Buyer",1343.32,1,0,0,0,0,0,1
"Customer2795","Male","All.Organic",2745.24,1,0,1,0,1,0,1
"Customer2796","Female","Party.Snacker",2180.53,1,1,1,0,0,0,0
"Customer2797","Male","Coupon.Hunter",687.65,1,0,0,0,0,0,0
"Customer2799","Male","All.Organic",2252.66,0,0,0,0,1,0,0
"Customer2800","Female","All.Organic",2465.51,0,1,0,0,1,0,0
"Customer2801","Female","Gourmet.Focus",2321.17,0,0,0,1,0,0,0
"Customer2804","Male","All.Organic",4090.98,1,0,0,0,1,0,1
"Customer2805","Male","Coupon.Hunter",201.4,1,0,0,0,0,0,0
"Customer2806","Female","All.Organic",2416.63,1,1,0,0,1,0,1
"Customer2807","Female","Brand.Buyer",1077.49,1,0,0,0,0,0,1
"Customer2808","Male","Brand.Buyer",1522.4,1,0,0,0,0,0,1
"Customer2809","Male","Party.Snacker",753.47,0,0,1,0,0,0,0
"Customer2810","Female","Party.Snacker",376.07,0,0,1,0,0,0,0
"Customer2811","Female","Vegetarian",513.67,0,0,1,0,0,1,0
"Customer2812","Male","Party.Snacker",592.01,0,0,1,0,0,0,0
"Customer2813","Male","Brand.Buyer",1180.22,0,0,1,0,0,0,1
"Customer2814","Female","All.Organic",3568.52,0,0,0,0,1,0,1
"Customer2815","Female","All.Organic",2618.55,0,0,0,1,1,0,0
"Customer2816","Male","Vegetarian",2984.66,0,0,1,1,1,1,0
"Customer2817","Female","All.Organic",2228.62,0,0,0,0,1,0,0
"Customer2818","Female","Gourmet.Focus",2256.69,1,0,0,1,0,0,0
"Customer2819","Female","Gourmet.Focus",2809.53,1,0,0,1,0,0,0
"Customer2820","Male","Vegetarian",1360.51,0,0,0,0,0,1,0
"Customer2823","Male","Brand.Buyer",1600,0,0,0,0,0,0,1
"Customer2824","Female","Vegetarian",1120.96,0,1,0,0,0,1,0
"Customer2825","Male","Brand.Buyer",3323.19,0,1,1,0,1,0,1
"Customer2826","Female","Brand.Buyer",3097.89,1,1,0,0,0,1,1
"Customer2827","Female","Brand.Buyer",637.17,0,0,0,0,0,0,1
"Customer2828","Female","All.Organic",3522.88,0,0,0,0,1,0,1
"Customer2829","Male","All.Organic",2486.82,0,0,1,0,1,0,0
"Customer2830","Female","Coupon.Hunter",2144.89,1,0,1,0,0,1,0
"Customer2831","Female","Brand.Buyer",1971.54,1,0,1,0,0,0,1
"Customer2832","Male","Fast.and.Filling",1542,0,1,0,0,0,0,0
"Customer2833","Female","Fast.and.Filling",1960.79,0,1,0,0,0,0,0
"Customer2834","Male","Party.Snacker",1536.88,0,0,1,0,0,0,0
"Customer2835","Male","Coupon.Hunter",996.66,1,0,0,0,0,0,0
"Customer2836","Male","Coupon.Hunter",1202.27,1,0,0,0,0,0,1
"Customer2837","Female","All.Organic",2591.67,0,0,0,0,1,0,0
"Customer2838","Female","Gourmet.Focus",3215.31,1,0,0,1,0,0,0
"Customer2839","Female","Fast.and.Filling",2725.51,1,1,0,1,0,0,0
"Customer2841","Male","Coupon.Hunter",325.25,1,0,0,0,0,0,0
"Customer2842","Female","Party.Snacker",1128.76,0,1,1,0,0,0,0
"Customer2843","Female","Gourmet.Focus",3526.67,0,1,0,1,1,0,0
"Customer2844","Female","Brand.Buyer",2781.92,0,0,1,0,0,0,1
"Customer2845","Male","Gourmet.Focus",2806.39,1,0,1,1,0,0,0
"Customer2846","Female","Vegetarian",884.45,0,0,0,0,0,1,0
"Customer2848","Female","Coupon.Hunter",1089.86,1,0,0,0,0,0,0
"Customer2849","Male","Gourmet.Focus",3267.22,0,0,0,1,0,0,1
"Customer2850","Male","Fast.and.Filling",2242.61,1,1,0,0,0,0,1
"Customer2851","Male","Coupon.Hunter",451.24,1,0,0,0,0,0,0
"Customer2852","Male","Party.Snacker",1392.59,0,0,1,0,0,0,0
"Customer2853","Male","Coupon.Hunter",727.75,1,0,0,0,0,0,0
"Customer2855","Male","All.Organic",870.7,0,0,0,0,1,0,0
"Customer2856","Male","All.Organic",3387.95,0,0,1,0,1,0,1
"Customer2857","Male","All.Organic",735.84,0,0,0,0,1,0,0
"Customer2858","Female","Brand.Buyer",1637.12,0,0,0,0,0,0,1
"Customer2859","Male","Brand.Buyer",1041.45,0,0,0,0,0,0,1
"Customer2860","Male","Brand.Buyer",1519.84,0,0,0,0,0,0,1
"Customer2861","Female","Gourmet.Focus",3291.07,0,1,1,1,0,0,1
"Customer2862","Female","Vegetarian",3778.73,0,0,0,1,0,1,1
"Customer2864","Female","Party.Snacker",1235.03,1,0,1,0,0,0,0
"Customer2865","Female","Party.Snacker",661.44,0,0,1,0,0,0,0
"Customer2867","Female","Fast.and.Filling",1887.73,0,1,1,0,0,0,0
"Customer2870","Female","Vegetarian",1653.28,1,0,0,0,0,1,0
"Customer2872","Male","Party.Snacker",1296.09,0,0,1,0,0,0,0
"Customer2873","Female","Brand.Buyer",1861.3,1,0,0,0,0,0,1
"Customer2874","Male","Coupon.Hunter",1321.28,1,0,0,0,0,0,0
"Customer2875","Male","Coupon.Hunter",645.9,1,0,0,0,0,0,0
"Customer2876","Female","Fast.and.Filling",2228.27,0,1,0,0,0,1,0
"Customer2877","Female","Party.Snacker",979.92,0,0,1,0,0,0,0
"Customer2878","Female","Brand.Buyer",2587.01,1,0,0,0,0,0,1
"Customer2879","Male","Vegetarian",901.83,1,0,0,0,0,1,0
"Customer2880","Male","Party.Snacker",749.42,0,1,1,0,0,0,0
"Customer2881","Female","Vegetarian",818.48,0,0,0,0,0,1,0
"Customer2883","Female","All.Organic",4220.04,1,1,1,0,1,0,0
"Customer2884","Female","Coupon.Hunter",760.75,1,0,0,0,0,0,0
"Customer2885","Male","Coupon.Hunter",1145.09,1,0,0,0,0,0,0
"Customer2886","Female","Coupon.Hunter",2312.71,1,0,0,1,0,0,1
"Customer2887","Male","Brand.Buyer",3472.56,1,0,0,0,0,1,1
"Customer2888","Male","Coupon.Hunter",1707.98,1,0,0,0,0,0,1
"Customer2889","Female","Vegetarian",3323.91,1,0,1,0,1,1,0
"Customer2890","Male","Coupon.Hunter",625.05,1,0,1,0,0,0,0
"Customer2892","Male","Party.Snacker",463.57,0,0,1,0,0,0,0
"Customer2893","Female","Vegetarian",1385.43,0,0,0,0,0,1,0
"Customer2895","Female","All.Organic",1511.54,0,0,0,0,1,0,0
"Customer2896","Female","All.Organic",1881.25,0,0,0,0,1,0,0
"Customer2897","Female","Coupon.Hunter",1308.93,1,0,0,0,0,0,0
"Customer2898","Female","Coupon.Hunter",724.35,1,0,0,0,0,0,0
"Customer2899","Male","Party.Snacker",1186.26,1,0,1,0,0,0,0
"Customer2900","Male","Vegetarian",2282.56,0,1,0,0,0,1,0
"Customer2901","Male","Vegetarian",1883.78,0,0,0,0,1,1,0
"Customer2902","Female","Brand.Buyer",1843.23,0,0,1,0,0,0,1
"Customer2904","Male","Vegetarian",998.02,1,0,0,0,0,1,0
"Customer2905","Female","All.Organic",3056.9,1,0,0,0,1,0,1
"Customer2906","Male","All.Organic",1448.78,0,0,0,0,1,0,0
"Customer2907","Male","Coupon.Hunter",1091.38,1,0,0,0,0,0,0
"Customer2908","Female","Brand.Buyer",1348.32,0,0,0,0,0,0,1
"Customer2909","Female","Brand.Buyer",1858.81,1,0,0,0,0,0,1
"Customer2911","Male","Gourmet.Focus",4006.15,0,1,0,1,1,0,0
"Customer2912","Female","Coupon.Hunter",1812.25,1,0,1,0,0,0,0
"Customer2913","Male","Party.Snacker",1164.89,0,0,1,0,0,0,0
"Customer2914","Male","Fast.and.Filling",450,0,1,0,0,0,1,0
"Customer2915","Female","Coupon.Hunter",927.1,1,0,0,0,0,0,0
"Customer2916","Male","Party.Snacker",821.73,0,0,1,0,0,0,0
"Customer2917","Female","Brand.Buyer",1736.01,1,0,0,0,0,0,1
"Customer2918","Female","All.Organic",3118.49,1,0,1,0,1,0,0
"Customer2919","Female","Brand.Buyer",2487.55,1,0,1,1,0,0,1
"Customer2920","Male","All.Organic",2288.91,0,0,0,0,1,0,0
"Customer2921","Male","Party.Snacker",1711.28,0,0,1,0,0,0,0
"Customer2923","Female","Coupon.Hunter",1458.02,1,0,0,0,0,0,0
"Customer2925","Male","Gourmet.Focus",2503.01,0,0,0,1,0,0,0
"Customer2926","Male","Coupon.Hunter",1605.24,1,0,1,0,0,0,0
"Customer2928","Female","Party.Snacker",400.29,0,0,1,0,0,0,0
"Customer2929","Male","All.Organic",976.13,0,0,0,0,1,0,0
"Customer2930","Female","Brand.Buyer",1101.77,0,0,0,0,0,0,1
"Customer2931","Female","All.Organic",2753.87,0,1,1,0,1,0,0
"Customer2932","Male","Coupon.Hunter",928.23,1,0,0,0,0,0,0
"Customer2933","Female","Coupon.Hunter",1110.2,1,0,1,0,0,0,0
"Customer2936","Male","Coupon.Hunter",1357.69,1,0,0,0,0,1,0
"Customer2937","Male","Party.Snacker",930.5,1,0,1,0,0,0,0
"Customer2939","Male","Fast.and.Filling",2914.54,0,1,1,0,0,0,0
"Customer2940","Female","Party.Snacker",997.09,0,0,1,0,0,0,0
"Customer2941","Male","All.Organic",2910.19,1,0,0,0,1,0,0
"Customer2942","Male","Gourmet.Focus",1995.34,0,1,1,1,0,0,0
"Customer2944","Female","Party.Snacker",377.91,0,0,1,0,0,0,0
"Customer2945","Male","Vegetarian",1282.5,0,0,0,0,0,1,0
"Customer2946","Female","All.Organic",2486.46,0,0,0,0,1,0,0
"Customer2947","Male","All.Organic",1771.56,0,0,1,0,1,0,0
"Customer2948","Male","Vegetarian",1689.54,1,0,0,0,0,1,0
"Customer2949","Female","Coupon.Hunter",1701.32,1,0,0,0,0,1,0
"Customer2950","Male","All.Organic",6334.26,0,1,0,1,1,0,0
"Customer2951","Female","Brand.Buyer",1735.69,1,0,0,0,0,0,1
"Customer2952","Female","All.Organic",2945.99,1,0,0,0,1,0,0
"Customer2953","Female","Coupon.Hunter",1333.16,1,0,1,0,0,0,0
"Customer2954","Female","Fast.and.Filling",1472.43,0,1,0,0,0,0,0
"Customer2955","Male","Fast.and.Filling",1365.42,0,1,1,0,0,0,0
"Customer2956","Female","Coupon.Hunter",1059.08,1,0,0,0,0,0,0
"Customer2957","Male","Party.Snacker",1311.08,1,0,1,0,0,0,0
"Customer2958","Female","Coupon.Hunter",383.12,1,0,0,0,0,0,0
"Customer2959","Male","Vegetarian",1153.66,0,0,0,0,0,1,0
"Customer2960","Male","Party.Snacker",1656.29,0,0,1,0,0,0,0
"Customer2961","Male","Gourmet.Focus",1882.36,1,0,1,1,0,0,0
"Customer2962","Female","Party.Snacker",836.12,0,0,1,0,0,0,0
"Customer2963","Female","Fast.and.Filling",3236.3,0,1,0,0,1,0,0
"Customer2964","Male","Coupon.Hunter",1025.6,1,0,0,0,0,0,0
"Customer2965","Female","Party.Snacker",1034.8,0,0,1,0,0,0,0
"Customer2966","Female","Fast.and.Filling",557.68,0,1,0,0,0,0,0
"Customer2967","Female","Brand.Buyer",2372.43,1,0,0,0,0,0,1
"Customer2969","Female","All.Organic",2117.85,0,0,0,0,1,0,0
"Customer2970","Male","Coupon.Hunter",748.38,1,0,1,0,0,0,0
"Customer2973","Female","All.Organic",3752.66,0,1,0,0,1,0,0
"Customer2974","Male","Gourmet.Focus",1787.45,0,0,0,1,0,0,0
"Customer2975","Male","Gourmet.Focus",2718.86,0,0,1,1,0,0,0
"Customer2976","Female","Fast.and.Filling",1510,1,1,0,0,0,0,0
"Customer2977","Male","Coupon.Hunter",1028.85,1,0,1,0,0,0,0
"Customer2980","Male","All.Organic",3533.37,1,0,0,1,1,0,0
"Customer2982","Male","Party.Snacker",2665.05,0,0,1,0,0,1,1
"Customer2983","Female","Coupon.Hunter",1318.05,1,0,0,0,0,0,0
"Customer2984","Female","All.Organic",3408.79,1,0,0,0,1,1,0
"Customer2985","Female","Coupon.Hunter",322.5,1,0,0,0,0,0,0
"Customer2986","Male","Coupon.Hunter",992.39,1,0,0,0,0,0,0
"Customer2987","Male","Party.Snacker",915.65,0,0,1,0,0,0,0
"Customer2988","Male","All.Organic",3397.61,0,0,1,0,1,1,0
"Customer2989","Female","Vegetarian",3182.98,1,0,0,0,0,1,1
"Customer2990","Male","Gourmet.Focus",2855.42,1,1,0,1,0,0,0
"Customer2991","Female","Vegetarian",1754.21,0,0,0,0,0,1,0
"Customer2993","Female","Coupon.Hunter",1389.94,1,0,0,0,0,0,0
"Customer2994","Male","Coupon.Hunter",790.58,1,0,0,0,0,0,0
"Customer2995","Male","All.Organic",2404.44,0,0,0,0,1,1,0
"Customer2996","Male","Brand.Buyer",708.15,0,0,0,0,0,0,1
"Customer2997","Female","Brand.Buyer",1953.1,0,0,0,0,0,0,1
"Customer2998","Male","Vegetarian",1045.38,0,0,0,0,0,1,0
"Customer2999","Male","Brand.Buyer",931.08,0,0,0,0,0,1,1
"Customer3000","Male","Vegetarian",446,0,0,0,0,0,1,0
